release_date,date_info,name,place,address,latitude,longitude,description,source_url
2026年03月13日,2026年3月21日（土）・22日（日）,COCOFES,めいてつCOCO（イオン春日井ショッピングセンター4階）,愛知県春日井市,,,南知多ビーチランドから海の生きものたちがやってくる！ふれあい体験やクイズラリー、スイミング無料体験など、お子さまの好奇心を刺激する2日間。,https://prtimes.jp/main/html/rd/p/000000125.000157222.html
2026年03月13日,2026年3月21日（土）・22日（日）,海の生きものふれあい体験,めいてつCOCO,愛知県春日井市,,,ウミガメやリクガメといった海の生きものを間近で観察し、実際に触れることができます。,https://prtimes.jp/main/html/rd/p/000000125.000157222.html
2026年03月13日,2026年3月21日（土）・22日（日）,館内クイズラリー,めいてつCOCO,愛知県春日井市,,,館内を巡りながらクイズに挑戦！ご参加いただいた方には、お菓子のプレゼントも用意。,https://prtimes.jp/main/html/rd/p/000000125.000157222.html
2026年03月13日,2026年3月21日（土）・22日（日）,春の特設ブース,めいてつCOCO,愛知県春日井市,,,各講座の紹介や体験会など予定。,https://prtimes.jp/main/html/rd/p/000000125.000157222.html
2026年03月13日,2026年3月21日（土）・22日（日）,スイミング体験会,めいてつCOCO,愛知県春日井市,,,スイミングの体験会,https://prtimes.jp/main/html/rd/p/000000125.000157222.html
2026年03月13日,2026年3月13日,今年の春は新しい自分に出会う桜旅,,,,,女性ゲストの傾向から見るトラベルトレンドとおすすめ宿泊施設をご紹介,https://prtimes.jp/main/html/rd/p/000000227.000016248.html
2026年03月13日,桜開花平年日：1月16日,ハコブネファミリーハウス,沖縄県国頭郡,沖縄県国頭郡,,,気兼ねなく家族で遊びに来れる和洋ミックスの2LDK。犬同伴も可能。バリアフリーで三世代での家族旅行にもぴったり。,https://prtimes.jp/main/html/rd/p/000000227.000016248.html
2026年03月13日,桜開花平年日：3月24日,女性限定の居住型リスティング,東京都狛江市,東京都狛江市,,,日本の古布、特に藍染布でホストが作った作品が飾られた女性限定リスティング。小田急線の狛江駅が最寄りで、電車で下北沢まで10分、新宿は20分。,https://prtimes.jp/main/html/rd/p/000000227.000016248.html
2026年03月13日,桜開花平年日：3月24日,源泉かけ流し温泉近くの東京郊外ホームステイ,東京都東村山市,東京都東村山市,,,主に長期滞在の若いゲストを中心とした居住型リスティング。都内では珍しい地下1500mから湧く100％源泉かけ流しを味わえる天然温泉が徒歩圏内。,https://prtimes.jp/main/html/rd/p/000000227.000016248.html
2026年03月13日,未記載,「女性の人生を豊かにする、Airbnbホスティング」トークイベント,東京,,,,Airbnbで活躍中の女性ホストの話を聞けるトークイベント。オンラインでの参加も可能。,https://prtimes.jp/main/html/rd/p/000000227.000016248.html
2026年03月13日,2026年5月9日－11月22日,ブルガリ財団 2026年度ヴェネチア・ビエンナーレ国際美術展の関連イベント,マルチャーナ国立図書館,,,,ララ・ファヴァレットとモニア・ベン・ハムーダの作品を展示,https://prtimes.jp/main/html/rd/p/000001800.000005631.html
2026年03月13日,2026年4月27日,モニア・ベン・ハムーダの彫刻Ya‘aburnee (Untranslated Fragment I)（未翻訳の断片）設置,ブルガリ ホテル ミラノの庭園,,,,2026年度ヴェネチア・ビエンナーレ国際美術展の全期間を通して公開,https://prtimes.jp/main/html/rd/p/000001800.000005631.html
2026年03月13日,2026年度ヴェネチア・ビエンナーレ国際美術展,ロータス・L・カンによる大規模な作品展示,ジャルディーニ地区のエセドラ広場にあるブルガリ パビリオン,,,,ブルガリ パビリオンにて展示,https://prtimes.jp/main/html/rd/p/000001800.000005631.html
2026年03月13日,3月20日(金)～ 3月28日(土),爆割ビューティーマーケット！,渋谷モディ2Fイベントスペース「カレンダリウム」,〒150-0041 東京都渋谷区神南１丁目２１−３,,,話題の韓国コスメをお得に買えるイベント,https://prtimes.jp/main/html/rd/p/000000421.000016153.html
2026年03月13日,2026年3月20日～31日,モグっと推し活バスでGO！北九州２４時間フリー乗車券,北九州地区,,,,にしてつバス×モグ活オリジナルカード・観覧車無料券がセットになった特別券。北九州地区の路線バスが24時間乗り放題となるフリー乗車券と、同ゲームで使用可能なカード、チャチャタウン小倉の観覧車無料券がセット。,https://prtimes.jp/main/html/rd/p/000000899.000017692.html
2026年03月13日,2026年3月27日,KITAKYUSHU OPEN TOP BUS運行開始,,,,,KITAKYUSHU OPEN TOP BUS運行開始,https://prtimes.jp/main/html/rd/p/000000899.000017692.html
2026年03月13日,2026年3月20日～3１日,モグっと推し活バスでGO！はしご酒スタンプラリーキャンペーン,対象店舗,,,,「モグっと推し活大将でGO！in北九州」でカード化された大将の店舗を巡るスタンプラリー。3店舗以上来訪で抽選でオリジナルカードプレゼント。,https://prtimes.jp/main/html/rd/p/000000899.000017692.html
2026年03月13日,２０２６年３月２１日（土）～毎日実施,ペンギンワールドラウンジ,海獣館２階「ペンギンワールドラウンジ」,和歌山県白浜町,,,ペンギンと五感で対話するための新空間。音楽・香り・映像のデジタルアート演出。,https://prtimes.jp/main/html/rd/p/000001118.000040302.html
2026年03月13日,開催日程は現在調整中,ペンギンフルネス,ペンギンワールドラウンジ,和歌山県白浜町,,,ペンギンたちの鼓動を感じながら自分自身を見つめ直すチルアウト体験プログラム。,https://prtimes.jp/main/html/rd/p/000001118.000040302.html
2026年03月13日,２０２６年３月２０日（金・祝）,Smiles (マリンライブ),アドベンチャーワールド,和歌山県白浜町,,,バージョンアップするマリンライブ,https://prtimes.jp/main/html/rd/p/000001118.000040302.html
2026年03月13日,２０２６年３月２０日（金・祝）,サファリ探検！ディスカバリーケニア号,アドベンチャーワールド,和歌山県白浜町,,,新・音声ストーリーガイド体験,https://prtimes.jp/main/html/rd/p/000001118.000040302.html
2026年03月13日,2026年3月15日(日) ~ 4月16日(木),JUST PINK IT! / PIKOコラボレーションアイテム,全国のPLAZA,東京都新宿区,,,全国のPLAZAにて、「ピンク」のアイテムが集結するプロモーション「JUST PINK IT!」を開催。商品ラインアップのひとつとして、「PIKO(ピコ)」とのコラボレーションアイテムを展開。,https://prtimes.jp/main/html/rd/p/000001041.000003436.html
2026年03月13日,2026年3月15日(日) ~ 4月16日(木),PLAZA限定 PIKOアイテム,全国のPLAZA,東京都新宿区,,,PLAZA限定 PIKOアイテム (PIKO ルーズフィット Tシャツ、PIKO イージーパンツ、PIKO キャップ、PIKO 3Pソックス),https://prtimes.jp/main/html/rd/p/000001041.000003436.html
2026年03月13日,2026年3月13日,いなばペットフード　「冷凍ペットフード店舗検索マップ」の商品表示機能を改修,Googleマップ,,,,冷凍ペットフード店舗検索マップの商品表示機能をアップデート。店舗の取扱商品を写真でも確認可能。,https://prtimes.jp/main/html/rd/p/000000292.000058165.html
2026年03月13日,,冷凍ペットフード店舗検索マップ,,,,,地名や駅名を入力してエリアの取扱店舗を検索。商品名、ブランド、アイテム、犬猫別での絞り込みも可能。営業時間や定休日もチェック可能。,https://prtimes.jp/main/html/rd/p/000000292.000058165.html
2026年03月13日,2026年3月,3月は“春みかん”のベストシーズン,,,,,3月は冬に収穫された温州みかんを貯蔵することで酸味が落ち着き、よりまろやかな味わいになる時期。さらに、「せとか」「はるみ」「不知火」などの中晩柑が出荷時期を迎え、品種の選択肢が広がります。,https://prtimes.jp/main/html/rd/p/000001271.000025119.html
2026年03月13日,,三代目の頂みかんTHEプレミアム【小玉サイズ】5kg,愛媛県八幡浜市,,,,太陽をたっぷり浴びて育ったみかんは風味が豊かで、特に房を包む「じょうのう（薄皮）」が非常に薄いため、食べた後に口の中に残りにくいのが魅力です。希少な小玉サイズのみを厳選してお届けします。,https://prtimes.jp/main/html/rd/p/000001271.000025119.html
2026年03月13日,2026年11月より順次発送,先行受付2026年11月より順次発送【まごころ手選別】有田みかん3kg(2S～Lサイズ混合),和歌山県湯浅町,,,,温暖な気候と南向きの急斜面に広がる段々畑で太陽をたっぷり浴びて育ちます。農薬の使用を抑えつつ、バランスのとれた甘さに仕上げています。さらに、選別機で転がすと傷がついたり味が損なわれたりする恐れがあるため、収穫したみかんは選別機にかけず、一つずつ手で選別した後、丁寧に箱詰めされたものが届きます。,https://prtimes.jp/main/html/rd/p/000001271.000025119.html
2026年03月13日,,【高評価★4.4】 訳あり 愛媛みかん 5kg みかん職人武田屋,愛媛県愛南町,,,,みかんの王道「愛媛みかん」は、寒くなる前は甘みと酸味のバランスが良く、すっきりとした味わいが楽しめます。寒さが本格化すると酸味が和らぎ、甘みがさらに増してきます。,https://prtimes.jp/main/html/rd/p/000001271.000025119.html
2026年03月13日,,三代目がつくる高品質【頂みかん】5kg,愛媛県八幡浜市,,,,高品質な頂みかん,https://prtimes.jp/main/html/rd/p/000001271.000025119.html
2026年03月13日,,三代目の頂みかんTHEプレミアム【小玉サイズ】3kg,愛媛県八幡浜市,,,,プレミアムな小玉サイズの頂みかん,https://prtimes.jp/main/html/rd/p/000001271.000025119.html
2026年03月13日,,コウ果樹園の「柑橘の大トロ　せとか約3kg」,愛媛県八幡浜市,,,,濃厚でジューシーな味わいと、とろけるような食感、上質な香りが特長の柑橘です。他の柑橘にはない贅沢なおいしさが詰まっています。皮は柔らかく、手で簡単に剥くことができ、内皮ごと食べられるのも魅力です。,https://prtimes.jp/main/html/rd/p/000001271.000025119.html
2026年03月13日,,【紅プリンセスと同品種】「甘平×まどんな」愛果48号【2kg】《新品種》【家庭用】,愛媛県八幡浜市,,,,愛媛県で開発された新品種で、品種登録されたばかりの希少な柑橘です。「甘平」と「まどんな」の交配によって誕生し、出回る量がまだ少ないため注目されています。「甘平」の濃厚な甘みと、「まどんな」のゼリーのような食感を併せ持つのが特徴です。,https://prtimes.jp/main/html/rd/p/000001271.000025119.html
2026年03月13日,,みかん めっちゃ甘いんじゃ 糖度12度以上 特秀品 箱込2kg(内容量1.8kg),和歌山県有田川町,,,,果実を傷つけずに糖度を測定し、糖度12度以上のものだけを選別して箱詰めしています。見た目の美しさ、大きさの均一さ、高い糖度という3つの基準を満たす果実のみを厳選しているため、選別には多くの手間と時間を要します。,https://prtimes.jp/main/html/rd/p/000001271.000025119.html
2026年03月13日,2026年,【2026年先行受付】静岡三ヶ日みかん 約3kg MまたはLサイズ【早生品種】,静岡県浜松市,,,,早生品種は程よい酸味と甘みのバランスが良く、ジューシーな味わいが特長です。果皮が薄く、食べやすい点も魅力です。,https://prtimes.jp/main/html/rd/p/000001271.000025119.html
2026年03月13日,,愛媛限定栽培柑橘 甘平(かんぺい)3kg【訳あり】,愛媛県八幡浜市,,,,愛媛で生まれたオリジナル品種で、濃厚な甘みとシャキッとした歯触りが特長です。扁平な形が目印で、糖度が高く、果肉は薄く鮮やかなオレンジ色をしています。,https://prtimes.jp/main/html/rd/p/000001271.000025119.html
2026年03月13日,,【さとふる限定】(訳あり)先行受付 島のね農園ブランド まどんな 3kg,愛媛県今治市,,,,ゼリーのような食感と甘い果汁が特長の希少な柑橘です。口の中いっぱいに広がるプルプルとした食感とさわやかな香りが魅力で、何度でも味わいたくなるおいしさです。,https://prtimes.jp/main/html/rd/p/000001271.000025119.html
2026年03月13日,2026年3月13日（金）～4月12日（日）,Spring Gourmet,東京ミッドタウン（六本木）,港区赤坂,,,東京ミッドタウンで春限定メニューを展開,https://prtimes.jp/main/html/rd/p/000000346.000027065.html
2026年03月13日,,UNION SQUARE TOKYO 桜海老のリゾット セミドライトマト グリーンピース ミョウガ,UNION SQUARE TOKYO（ガーデンテラスB1）,,,,駿河湾産の桜エビを使ったリゾット,https://prtimes.jp/main/html/rd/p/000000346.000027065.html
2026年03月13日,,SILIN 火龍園 特選 白ミル貝と浅利の蒜蓉蒸し～銀糸仕立て～,SILIN 火龍園（ガーデンテラス2F）,,,,白ミル貝と浅利を使った料理,https://prtimes.jp/main/html/rd/p/000000346.000027065.html
2026年03月13日,,フィリップ・ミル 東京 Menu SAKURA,フィリップ・ミル 東京（ガーデンテラス4F）,,,,旬の食材と桜の香りを重ねたコース,https://prtimes.jp/main/html/rd/p/000000346.000027065.html
2026年03月13日,,まるや本店 うなぎ彩りちらし重,まるや本店（ガーデンテラス3F）,,,,鰻と錦糸玉子、トビコなど彩り豊かなちらし重,https://prtimes.jp/main/html/rd/p/000000346.000027065.html
2026年03月13日,,NIRVANA New York 桜エビのビリヤニ,NIRVANA New York（ガーデンテラス1F）,,,,桜海老の香ばしさと旨みを生かしたビリヤニ,https://prtimes.jp/main/html/rd/p/000000346.000027065.html
2026年03月13日,,HAL YAMASHITA 東京 桜マスのコンフィ 新玉ネギのピュレとイクラ添え,HAL YAMASHITA 東京（ガーデンテラス1F）,,,,桜マスを低温でコンフィし、新玉ネギのピュレとイクラを添えた一皿,https://prtimes.jp/main/html/rd/p/000000346.000027065.html
2026年03月13日,,UNION SQUARE TOKYO Sakura bean paste Mousse,UNION SQUARE TOKYO（ガーデンテラスB1）,,,,桜餡を使ったムース,https://prtimes.jp/main/html/rd/p/000000346.000027065.html
2026年03月13日,,orangé SAKURA香る 抹茶ティラミス,orangé（プラザ1F）,,,,静岡県産抹茶と桜リキュールを使ったティラミス,https://prtimes.jp/main/html/rd/p/000000346.000027065.html
2026年03月13日,3/15（日）～,pâtisserie Sadaharu AOKI paris オペラサクラ,pâtisserie Sadaharu AOKI paris（ガレリアB1）,,,,サクラのバタークリームとフランボワーズのガナッシュ,https://prtimes.jp/main/html/rd/p/000000346.000027065.html
2026年03月13日,2026,MIDTOWN BLOSSOM 2026,ミッドタウン・ガーデン,,,,お花見散歩イベント、期間限定屋外ラウンジ,https://prtimes.jp/main/html/rd/p/000000346.000027065.html
2026年03月13日,,ROKU〈六〉MIDTOWN BLOSSOM LOUNGE ドリンク&フードチケットプレゼント,ROKU〈六〉MIDTOWN BLOSSOM LOUNGE,,,,Spring Gourmet対象メニュー注文でチケットプレゼント,https://prtimes.jp/main/html/rd/p/000000346.000027065.html
2026年03月13日,2026年3月28日,ROBACE 札幌駅前店,ヒューリックスクエア札幌 2F,北海道札幌市中央区北三条西3-1-44 ヒューリックスクエア札幌 2F,,,お箸で⾷べる炭火イタリアン新業態。地下鉄さっぽろ駅直結。,https://prtimes.jp/main/html/rd/p/000001128.000014607.html
2026年03月13日,2026年4月4日（土）・ 5日（日）,春休み中華ランチバイキング,グランドホテル浜松 本館地下1階 中国料理「朱茂琳」,〒432-8036 静岡県浜松市中央区東伊場1-3-1,,,グランドホテル浜松にて春休み期間の週末2日間限定で開催される中華ランチバイキング。北京ダックや海老のチリソースなど、中国料理レストラン「朱茂琳」が提供する伝統の中国料理＆スイーツが楽しめる。,https://prtimes.jp/main/html/rd/p/000000354.000031330.html
2026年03月13日,3月13日（金）より発売開始,【限定販売】煙と油はねを軽減する焼肉グリル 「やきまるスリム」に、新色のマットブラックが登場！,イワタニアイコレクト、Iwatani Outdoor Shop BASE,大阪市中央区,,,焼肉グリル「やきまるスリム」の新色マットブラックが、イワタニアイコレクトとIwatani Outdoor Shop BASE限定で発売。,https://prtimes.jp/main/html/rd/p/000000160.000048859.html
2026年03月13日,2026年3月13日,大谷翔平選手を起用した新ビジュアル公開,,東京都渋谷区,,,株式会社伊藤園が、大谷翔平選手を起用した新ビジュアルを公開し、国内外へ向けたコミュニケーションを開始。抹茶を嗜む映像も公開。,https://prtimes.jp/main/html/rd/p/000000157.000046014.html
2026年03月13日,,御薄茶「和悦」発売,伊藤園店舗,,,,"御薄茶「和悦」を伊藤園店舗で販売。容量：30g/100g、希望小売価格税込：8,640円/27,000円",https://prtimes.jp/main/html/rd/p/000000157.000046014.html
2026年03月13日,2026年3月13日,渋谷屋外広告掲出,渋谷,,,,大谷翔平選手を起用した新ビジュアルの屋外広告を東京・渋谷に掲出,https://prtimes.jp/main/html/rd/p/000000157.000046014.html
2026年03月13日,2026年3月14日,日本経済新聞および読売新聞30段広告掲載,,,,,日本経済新聞および読売新聞の30段紙面でメッセージを掲出,https://prtimes.jp/main/html/rd/p/000000157.000046014.html
2026年03月13日,2026年3月15日(日),クレープとエスプレッソとジェラートと オープン,原宿,東京都渋谷区神宮前6-28-5 宮崎ビル101,,,原宿に“黄金クレープ”と本格ジェラートの新体験店舗が誕生。人気の“黄金クレープ”と本格ジェラートを同時に楽しめる新しいスタイルの店舗。,https://prtimes.jp/main/html/rd/p/000000110.000035358.html
2026年03月13日,,クレープとエスプレッソとジェラートと 限定メニュー「ナポレオンパイメルト」販売,クレープとエスプレッソとジェラートと,東京都渋谷区神宮前6-28-5 宮崎ビル101,,,同店限定メニューの「ナポレオンパイメルト」は、フレッシュなイチゴの甘酸っぱさ・たっぷりのカスタードの優しい甘みと、アーモンドとパイの食感や香ばしさがアクセントになった味わいのクレープ。,https://prtimes.jp/main/html/rd/p/000000110.000035358.html
2026年03月13日,2026年3月13日,HMV record shop 心斎橋 オープン,ホテル日航大阪地下１階 大丸ホワイトアベニュー,大阪府大阪市中央区西心斎橋1-3-3 オー・エム・ホテル 日航ビル B1階 大丸ホワイトアベニュー,,,レコード専門店が心斎橋に移転拡大オープン。新着中古品約3万枚放出、総在庫枚数約5万枚。,https://prtimes.jp/main/html/rd/p/000000666.000034304.html
2026年03月13日,2026年3月13日,HMV record shop × COOK 限定コラボグッズ販売,HMV record shop 心斎橋,大阪府大阪市中央区西心斎橋1-3-3 オー・エム・ホテル 日航ビル B1階 大丸ホワイトアベニュー,,,大阪出身のグラフィティ・アーティストCOOK氏による描き下ろしビジュアルを使用した限定コラボグッズを販売。,https://prtimes.jp/main/html/rd/p/000000666.000034304.html
2026年03月13日,2026年3月13日～無くなり次第終了,オープン記念 スタジオジブリコラボショッピングバッグ,HMV record shop 心斎橋,大阪府大阪市中央区西心斎橋1-3-3 オー・エム・ホテル 日航ビル B1階 大丸ホワイトアベニュー,,,店内商品購入で、先着でスタジオジブリコラボショッピングバッグに入れて商品お渡し。,https://prtimes.jp/main/html/rd/p/000000666.000034304.html
2026年03月13日,2026年3月13日～4月12日,HMV record shop 心斎橋 × ディスクユニオン大阪店 コラボ企画,HMV record shop 心斎橋、ディスクユニオン大阪店,大阪府大阪市中央区西心斎橋1-3-3 オー・エム・ホテル 日航ビル B1階 大丸ホワイトアベニュー,,,"中古品3,000円(税込)以上のお買い物にご利用いただける「中古品 300円(税込)OFFクーポン」を配布。",https://prtimes.jp/main/html/rd/p/000000666.000034304.html
2026年03月13日,2026年3月24日～2026年5月6日,ウルフルズ POP UP SHOP,HMV record shop 心斎橋,大阪府大阪市中央区西心斎橋1-3-3 オー・エム・ホテル 日航ビル B1階 大丸ホワイトアベニュー,,,ウルフルズの3rdアルバム『バンザイ』発売30周年を記念して、『バンザイ』『ベストやねん』の名盤2タイトルが初アナログ化！,https://prtimes.jp/main/html/rd/p/000000666.000034304.html
2026年03月13日,2026年3月下旬よりデリバリーサービス、4月上旬よりケータリングサービス限定として順次開始,クラフトサンドウィッチ専門店「BASE Sand」新規展開,デリバリーサービス、ケータリングサービス,東京都,,,完全栄養のミニ食パン「BASE BREAD ミニ食パン・プレーン」を使用したクラフトサンドウィッチの専門店。,https://prtimes.jp/main/html/rd/p/000000295.000022258.html
2026年03月13日,,エビマヨサンド,,,,,特製マヨソースを纏ったぷりぷりのエビとレタスをサンド。参考価格840円（税込）〜,https://prtimes.jp/main/html/rd/p/000000295.000022258.html
2026年03月13日,,カリフォルニア風オレンジチキンサンド,,,,,フルーティーなオレンジ照り焼きソースとチキン。参考価格750円（税込）〜,https://prtimes.jp/main/html/rd/p/000000295.000022258.html
2026年03月13日,,サバのバインミー風サンド,,,,,栄養豊富なサバと甘酸っぱいマリネをベトナムのバインミー風に。参考価格780円（税込）〜,https://prtimes.jp/main/html/rd/p/000000295.000022258.html
2026年03月13日,,ダブルエッグサンド,,,,,卵を贅沢に2個半も使用。参考価格750円（税込）〜,https://prtimes.jp/main/html/rd/p/000000295.000022258.html
2026年03月13日,,チーズオムレツサンド,,,,,ふわとろオムレツをサンド。参考価格780円（税込）〜,https://prtimes.jp/main/html/rd/p/000000295.000022258.html
2026年03月13日,,香ばしナッツのチキンロメスコサンド,,,,,赤パプリカとナッツが香るロメスコソースを使用。参考価格750円（税込）〜,https://prtimes.jp/main/html/rd/p/000000295.000022258.html
2026年03月13日,,ローストポークジンジャーサンド,,,,,"ビタミンB1が豊富な豚肉をロースト。参考価格1,380円（税込）〜",https://prtimes.jp/main/html/rd/p/000000295.000022258.html
2026年03月13日,2026年4月1日（水）～6月30日（火）,春薫るアンサンブル Spring Aroma Ensemble,メズム東京16階　フレンチダイニング「シェフズ・シアター」,港区海岸1-10-30,None,None,メズム東京「シェフズ・シアター」にて春の香りをテーマにしたディナープログラム。芽吹きの季節を映し出す旬の食材に、花や青葉、ハーブ、柑橘、燻香など、春ならではの香りを重ねた特別な5品のディナープログラム。,https://prtimes.jp/main/html/rd/p/000002314.000030117.html
2026年03月13日,2026年3月13日（金）〜3月14日（土）,HARAJUKU QUEST×edenworks はな と あるくひ,原宿クエスト1階館内パサージュ,東京都渋谷区神宮前1丁目13-14,None,None,"原宿クエストで10,000本の生花を配布するインタラクティブアート。街の回遊性を高める。",https://prtimes.jp/main/html/rd/p/000000001.000179556.html
2026年03月13日,2026年3月13日オープン,EW.Pharmacy #106,原宿クエスト1階,東京都渋谷区神宮前1丁目13-14,None,None,edenworksのドライフラワーショップが原宿クエストに新店舗オープン。オーダーメイドアレンジメントやオリジナルプロダクトを販売。,https://prtimes.jp/main/html/rd/p/000000001.000179556.html
2026年03月13日,2026年3月14日,ホワイトデーギフト,久世福商店,長野県,,,久世福商店が提案するホワイトデーに向けたギフト。,https://prtimes.jp/main/html/rd/p/000000167.000158568.html
2026年03月13日,,ちょこあられミルク,久世福商店（店舗限定）,長野県,,,店舗限定のチョコあられシリーズ。和三盆味のハート煎餅入り。,https://prtimes.jp/main/html/rd/p/000000167.000158568.html
2026年03月13日,,抹茶/ほうじ茶を嗜む大人のラテ,久世福商店,長野県,,,茶師十段の酢田氏と作り上げた抹茶ラテとほうじ茶ラテ。,https://prtimes.jp/main/html/rd/p/000000167.000158568.html
2026年03月13日,,一包だし,久世福商店,長野県,,,「ありがとう」「こころばかり」のメッセージ付き一包だし。,https://prtimes.jp/main/html/rd/p/000000167.000158568.html
2026年03月13日,2026年３月14日(土)～４月12日(日)の土日祝,お誕生日月は、みんなでかっぱ寿司の食べ放題！“一緒に祝うと、みんなもおトク！”,かっぱ寿司全店,,,,お誕生日月の方と同グループは食べ放題が土日祝価格より４００円引き,https://prtimes.jp/main/html/rd/p/000001068.000018731.html
2026年03月13日,３月15 日（日）より発売開始,丸山珈琲のカフェラテベース 無糖,丸山珈琲直営店およびオンラインストア ほか,,,,ミルクで割るだけで手軽にカフェラテが楽しめるカフェラテベース,https://prtimes.jp/main/html/rd/p/000000227.000024955.html
2026年03月13日,2026年3月19日(木)～4月7日(火),キュアメイドカフェ25周年記念 壱百満天原サロメの晩餐会,キュアメイドカフェ(CURE MAID CAFÉ)　[オノデンビル4F ジーストア・アキバ内],東京都千代田区,,,キュアメイドカフェ25周年記念として、にじさんじ所属VTuber「壱百満天原サロメ」とのコラボカフェ開催。コラボメニュー、グッズ販売、店内展示、店内放送などを実施。,https://prtimes.jp/main/html/rd/p/000001420.000099047.html
2026年03月13日,期間限定,壱百満天原サロメ キュアメイドカフェ「オリジナルブレンドハーブティー」コラボ仕様紅茶缶,キュアメイドカフェ,東京都千代田区,,,壱百満天原サロメコラボバージョンのパッケージで販売。缶の中には限定特典も！,https://prtimes.jp/main/html/rd/p/000001420.000099047.html
2026年03月13日,,エンタス・キュアテラス ドリンクメニュー,エンタス・キュアテラス(オノデンビル4F イートインスペース),東京都千代田区,,,オノデンビル4F イートインスペース「エンタス・キュアテラス」ではドリンクメニューをお楽しみいただけます！,https://prtimes.jp/main/html/rd/p/000001420.000099047.html
2026年03月13日,,壱百満天原サロメ グッズ販売,ジーストア・アキバ,東京都千代田区,,,壱百満天原サロメのアクリルつままれ、セリフアクリルスタンド、缶バッジ、Tシャツ、マグカップ、コラボロゴグッズなどを販売。事後通販も実施予定。,https://prtimes.jp/main/html/rd/p/000001420.000099047.html
2026年03月13日,,キュアメイドカフェ コラボカフェCM放映,オノデンMXビジョン(オノデンビル街頭ビジョン),東京都千代田区,,,キュアメイドカフェのあるオノデンビル街頭ビジョン「オノデンMXビジョン」にてコラボカフェCMを放映,https://prtimes.jp/main/html/rd/p/000001420.000099047.html
2026年03月13日,2026年3月13日,「エビチリ」や「ラムチョップ」専用ワインが金賞。国際コンペ「サクラアワード2026」で酒日向。が7冠達成,,京都市下京区,,,国際ワインコンペティション「SAKURA AWARD 2026」において、酒日向が金賞6商品・銀賞1商品の計7商品を受賞,https://prtimes.jp/main/html/rd/p/000000351.000032120.html
2026年03月13日,,ローストビーフにぃーよ with ピンクペッパー,,,,,スペイン産赤ワイン。熟したベリーやスパイスの香りと、なめらかなタンニンがローストビーフの旨味と調和,https://prtimes.jp/main/html/rd/p/000000351.000032120.html
2026年03月13日,,ハモンイベリコにぃーよ,,,,,スペイン産スパークリングワイン。爽やかな酸味と華やかな香りが生ハムの塩味とバランスよく調和,https://prtimes.jp/main/html/rd/p/000000351.000032120.html
2026年03月13日,,ラムチョップにぃーよ ブラックペッパー強めに,,,,,スペイン品種ティンタ・デ・トロを使用した赤ワイン。黒系果実の風味とスパイスのニュアンスがラム料理と相性を示します,https://prtimes.jp/main/html/rd/p/000000351.000032120.html
2026年03月13日,,フライドチキンvsスペインの白,,,,,マルバシア種を使用した白ワイン。爽やかな酸味がフライドチキンの油分とバランスを取ります,https://prtimes.jp/main/html/rd/p/000000351.000032120.html
2026年03月13日,,スモークサーモンにぃーよ with レモン,,,,,ボルドー産白ワイン。柑橘やハーブの香りがスモークサーモンの風味を引き立てます,https://prtimes.jp/main/html/rd/p/000000351.000032120.html
2026年03月13日,,エビチリャー アウネン ロゼ あわ,,,,,日本産デラウェア主体のロゼスパークリングワイン。果実味と泡の軽やかさがエビチリなどの中華料理と合わせやすいスタイルです,https://prtimes.jp/main/html/rd/p/000000351.000032120.html
2026年03月13日,,フルーツにぃーよ,,,,,白桃やマスカットを思わせる香りの微発泡ワイン。フルーツとのペアリング提案を特徴としています,https://prtimes.jp/main/html/rd/p/000000351.000032120.html
2026年03月13日,2026年3月16日（月）～5月10日（日）,ブロッサム アフタヌーンティー,パーク ハイアット 東京 ピーク ラウンジ,東京都新宿区西新宿3-7-1-2,None,None,パーク ハイアット 東京41階「ピーク ラウンジ」にて提供される春のアフタヌーンティー,https://prtimes.jp/main/html/rd/p/000000173.000012816.html
2026年03月13日,2026年3月16日（月）～5月10日（日）,スプリング アフタヌーンティー,ピーク ラウンジ,東京都新宿区西新宿3-7-1-2,None,None,"ピーク ラウンジで提供されるスプリングアフタヌーンティー。時間：正午～午後5時、料金：おひとり様 9,900円",https://prtimes.jp/main/html/rd/p/000000173.000012816.html
2026年03月11日,2026年3月28日（土） ２０：３０ ～ ２１：３０,EARTH HOUR 2026 消灯アクション,名鉄ホテルグループ傘下の全国２０ホテル,,,,世界最大級の環境アクション。ホテル看板、外壁照明、ロビー、レストラン等の一部消灯・減灯を実施,https://prtimes.jp/main/html/rd/p/000000206.000111353.html
2026年03月11日,２０２６年２月２日（月）～ ３月２８日（土）,旅する６０パンダ・名鉄ホテルリレー,名鉄ホテルグループ各ホテル,,,,日本のアースアワー親善大使「旅する６０パンダ」が名鉄ホテルグループ各ホテルをリレー形式で巡る,https://prtimes.jp/main/html/rd/p/000000206.000111353.html
2026年03月13日,2026年2月27日～3月5日,ブロッコリーに関する意識調査,Nadia,東京都港区,,,料理メディア「Nadia」がブロッコリーに関する意識調査を実施,https://prtimes.jp/main/html/rd/p/000000299.000041268.html
2026年03月13日,,ブロッコリーレシピ,Nadia,,,,Nadiaで人気のブロッコリーレシピをご紹介,https://prtimes.jp/main/html/rd/p/000000299.000041268.html
2026年03月13日,2026年3月15日（日）,LEMONICA × UNI DONUTS 複合旗艦店オープン,原宿・竹下通り,東京都渋谷区神宮前1丁目20番7号 ハッピーハーツB1,,,レモネード専門店「LEMONICA」と生ドーナツブランド「UNI DONUTS」初の複合旗艦店が原宿・竹下通りにオープン,https://prtimes.jp/main/html/rd/p/000000212.000048400.html
2026年03月13日,,KAWAII MONSTAR LAND,原宿・竹下通り,,,,GENDA GiGO Entertainmentが手掛けるエンターテイメント施設,https://prtimes.jp/main/html/rd/p/000000212.000048400.html
2026年03月13日,2026年3月20日（金・祝）～3月29日（日）,マルイ・モディで『マルコとマルオの10日間』開催！,マルイ・モディ全店、マルイのネット通販「マルイウェブチャネル」,,,,エポスカード会員ご優待キャンペーン。期間中、エポスカードのクレジットでのお支払いで、10％OFF。,https://prtimes.jp/main/html/rd/p/000004057.000003860.html
2026年03月13日,3月19日（木）まで,エポスカード新規入会特典,,,,,"エポスカードに新規入会＆エポスアプリをダウンロードで、通常入会特典に加え1,000円分のクーポンをプレゼント！",https://prtimes.jp/main/html/rd/p/000004057.000003860.html
