ID,site,genre,url,datetime,h1,h2,crawled_at
1,https://prtimes.jp/,グルメ,https://prtimes.jp/main/html/rd/p/000000321.000061742.html,2026年03月13日 18:50,《豚丼屋TONTON》道民の味をお好きな場所で！デリバリー専門店3/20(金) 全国6店舗同時オープン!!,,2026年03月14日 13:56
2,https://prtimes.jp/,グルメ,https://prtimes.jp/main/html/rd/p/000000759.000155396.html,2026年03月13日 16:30,2週連続！金・土・日の週末に「揚げ物日替わりスーパーセール」を開催！人気のチキンやカレーパンなどの揚げ物が均一価格でお得に！,〜1週目は130円、2週目は100円均一（各税別）！週末限定のセールを開催〜,2026年03月14日 13:56
3,https://prtimes.jp/,グルメ,https://prtimes.jp/main/html/rd/p/000001068.000018731.html,2026年03月13日 16:00,お誕生日月は、みんなでかっぱ寿司の食べ放題！“一緒に祝うと、みんなもおトク！” お誕生日月の方がいれば、ご本人様※と同一グループの皆さま全員※、食べ放題が土日祝価格より４００円引きに！,実施期間：２０２６年３月１４日(土)～４月1２日(日)の土日祝予定、かっぱ寿司全店にて,2026年03月14日 13:56
4,https://prtimes.jp/,グルメ,https://prtimes.jp/main/html/rd/p/000000457.000055180.html,2026年03月14日 12:00,【春を彩る日本酒フェア】十四代や新政、季節限定酒含む希少酒特別企画｜日本酒原価酒蔵5店舗で開催,株式会社ビリオンフーズ（本社：東京都港区、代表取締役：中村雄斗）が運営する日本酒原価酒蔵5店舗では、各店舗限定の希少酒プランを開催します。,2026年03月14日 13:56
5,https://prtimes.jp/,グルメ,https://prtimes.jp/main/html/rd/p/000003595.000014571.html,2026年03月14日 10:00,＜テレビ朝日「食彩の王国」で紹介＞総料理長 小出裕之が“漆黒の潮騒”江戸前ちば海苔メニューを考案,「江戸前ちば海苔」を使った料理とスイーツが登場。ホテルニューオータニ幕張「千葉県民の日プロモーション」で提供,2026年03月14日 13:56
6,https://prtimes.jp/,グルメ,https://prtimes.jp/main/html/rd/p/000000295.000022258.html,2026年03月13日 16:00,クラフトサンドウィッチ専門店「BASE Sand」を新規展開　〜おいしさも、栄養も、このひとくちで。〜,,2026年03月14日 13:56
7,https://prtimes.jp/,グルメ,https://prtimes.jp/main/html/rd/p/000001231.000032350.html,2026年03月10日 10:00,「ガッツリいきたい日に、とんかつだけじゃ終わらせない！」かつやでチャーシュー×ベーコン×ボロニアソーセージ参戦。,チャーシュー、ベーコン、ボロニアソーセージエッグとロースカツを1度に楽しめる商品。2026年3月13日(金)販売開始！,2026年03月14日 13:56
8,https://prtimes.jp/,グルメ,https://prtimes.jp/main/html/rd/p/000000750.000001046.html,2026年03月13日 12:10,LINE・アプリ会員限定【3月16日、3月23日】マンデー＼生ビール1杯100円セール／を開催！,2026年3月16日（月）と、3月23日（月）の2日間は、キリン一番搾り生ビール（中ジョッキ）が何杯飲んでも1杯100円（税込）！,2026年03月14日 13:56
9,https://prtimes.jp/,グルメ,https://prtimes.jp/main/html/rd/p/000000669.000006894.html,2026年03月12日 17:00,大人のロイヤルミルクティー「凛圓 ロイヤルミルクティー Premium」を販売開始,厳選された静岡県産紅茶と牛乳を使用した上質なミルクティーのお酒,2026年03月14日 13:56
10,https://prtimes.jp/,グルメ,https://prtimes.jp/main/html/rd/p/000001110.000033462.html,2026年03月13日 09:00,【🍓各日数量限定🍓ブッフェでいちご狩りを満喫!!】4/8迄！『ニラックスブッフェ』2店舗にて、時間無制限で「国産いちご」の食べ放題が満喫できる特別コースがスタート！,【実施期間】2026年3月12日（木）～ 2026年4月8日（水）　※各日数量限定,2026年03月14日 13:56
11,https://prtimes.jp/,グルメ,https://prtimes.jp/main/html/rd/p/000000500.000000515.html,2026年03月12日 14:00,SNSで話題となった商品が、ご好評につき復活！販売期間を延長！！ トッピングをぎゅっと詰め込んだ“子どもの頃の夢を叶えるアイス”！ 『トッピンぎゅ～！』 3月24日（火）より全国発売,,2026年03月14日 13:56
12,https://prtimes.jp/,グルメ,https://prtimes.jp/main/html/rd/p/000000130.000145123.html,2026年03月08日 09:10,"【3/14限定】1時間で1,500個“即完売”！伝説の苺シャンティーが「ホワイトシャンティ」として1日限定復活！",【ホワイトデー限定】まるでとろけるショートケーキ！特大“3Lとちおとめ”の苺シャンティーがホワイトチョコ仕立てに！,2026年03月14日 13:56
13,https://prtimes.jp/,グルメ,https://prtimes.jp/main/html/rd/p/000000921.000014685.html,2026年03月11日 10:20,ホワイトデーに314リットルの牛乳を無料配布！3月14日（土）に巨大牛乳パックトリックアートが渋谷に登場,全長12mの巨大パックや“牛からのバックハグ”で、牛乳消費を楽しく応援！ ホワイトデーに“白”い牛乳を贈る体験型イベント「ギガミルク −White Day−」開催,2026年03月14日 13:56
14,https://prtimes.jp/,グルメ,https://prtimes.jp/main/html/rd/p/000000019.000076024.html,2026年03月11日 19:00,行列のできる幻のケーキ屋。オンラインで1年以上待ちの名古屋名物のガトーショコラ 「 THE chocola 」 が催事販売を大幅制限へ。,催事なのに売らない!?今までに無い販売革命でお客様に商品の価値をお伝えする。その鍵を握るのは催事の専属スタッフ。,2026年03月14日 13:56
15,https://prtimes.jp/,グルメ,https://prtimes.jp/main/html/rd/p/000000660.000059399.html,2026年03月09日 17:00,"「すとぷり」などSTPR Family、サントリー社との初コラボ！全国約2,000台の自販機でオリジナルラベル缶を販売開始！",― 『STPR Family Festival!!2026』開催記念、メンバーラベル＆シークレットデザインも登場 ―,2026年03月14日 13:56
16,https://prtimes.jp/,グルメ,https://prtimes.jp/main/html/rd/p/000000072.000010547.html,2026年03月10日 11:00,『シーチキン』×『サンリオキャラクターズ』コラボ商品発売のお知らせ！サンリオキャラクターズといっしょに！もっとおいしくシーチキンを食べよう。2026年３月より順次販売開始！,,2026年03月14日 13:56
17,https://prtimes.jp/,グルメ,https://prtimes.jp/main/html/rd/p/000000519.000024007.html,2026年02月24日 07:30,回転すしスシローとパペットスンスンが再びコラボ！3月4日より全国の店舗で限定グッズ付きのおすしやスイーツなどを展開,,2026年03月14日 13:56
18,https://prtimes.jp/,グルメ,https://prtimes.jp/main/html/rd/p/000001220.000032350.html,2026年02月24日 10:00,揚げ物×タルタルの最強タッグ！「今日も胃袋を幸せにする」かつやでタルタル盛り揚げ丼新登場！,タルタル盛り揚げ丼、定食！！！2026年2月26日(木)販売開始。,2026年03月14日 13:56
19,https://prtimes.jp/,グルメ,https://prtimes.jp/main/html/rd/p/000000384.000038980.html,2026年02月24日 13:00,バーガーキング®春のワッパー®祭り開催！5日間限定各日14時からワッパー®セット5種が300円引き最大29％オフの公式アプリ限定クーポンを配信！チーズ、ダブルチーズ、BBQ、テリヤキ、スパイシーが対象,【期間限定】3月2日（月）～3月6日（金）各日14時から,2026年03月14日 13:56
20,https://prtimes.jp/,グルメ,https://prtimes.jp/main/html/rd/p/000000017.000151353.html,2026年02月21日 15:02,【再販決定！】明治「たけのこの里」公式コラボ『アルティメットたけのこ』3月1日より限定再販,,2026年03月14日 13:56
21,https://prtimes.jp/,グルメ,https://prtimes.jp/main/html/rd/p/000000091.000145570.html,2026年03月14日 13:45,【世界を魅了するブレンデッドの最高峰】デュワーズの真髄をアンバサダーが語る、10名限定の特別テイスティングセミナー！超希少な32年熟成を含む豪華8種飲み比べ,2026年4月12日(日)、六本木ウイスキーサロンにて開催。世界最高賞を受賞し続けるマスターブレンダーの技術を、バカルディ ジャパン アンバサダー田中大智氏の解説とともに体感。,2026年03月14日 13:56
22,https://prtimes.jp/,グルメ,https://prtimes.jp/main/html/rd/p/000000031.000122221.html,2026年03月14日 13:00,「一石三鳥グループ」にて海を越えた食のコラボレーションが実現。台湾・台東県の食材を使用した「台東祭」開催,グループ全10店舗で限定メニューを提供,2026年03月14日 13:56
23,https://prtimes.jp/,グルメ,https://prtimes.jp/main/html/rd/p/000000001.000158056.html,2026年03月14日 12:53,店舗のGoogleマップのスコアリングサービス（無料）を提供,MEO・口コミ・競合比較など複合指標で店舗の集客力を可視化,2026年03月14日 13:56
24,https://prtimes.jp/,グルメ,https://prtimes.jp/main/html/rd/p/000000940.000045400.html,2026年03月14日 12:50,【名古屋市/天白区】全国50店舗以上・月間利用者数8万人の“時間無制限”無人カフェ「セルフカフェ」、原駅徒歩1分に新店舗「セルフカフェ原店」3月14日OPEN ― “日常に溶け込む無人カフェ”,原駅徒歩1分、Wi-Fi・電源完備。勉強や仕事、PC作業など日常の作業スペースとして気軽に利用できる、,2026年03月14日 13:56
25,https://prtimes.jp/,グルメ,https://prtimes.jp/main/html/rd/p/000000018.000086059.html,2026年03月14日 12:19,株式投資型クラウドファンディング実施 及び オンライン事業説明会開催のお知らせ,,2026年03月14日 13:56
26,https://prtimes.jp/,グルメ,https://prtimes.jp/main/html/rd/p/000000098.000018848.html,2026年03月14日 12:00,【池袋 初出店】 全国50店舗達成！サラダボウル専門『WithGreen』池袋 IT tower TOKYOに3月14日オープン,,2026年03月14日 13:56
27,https://prtimes.jp/,グルメ,https://prtimes.jp/main/html/rd/p/000000852.000122416.html,2026年03月14日 11:00,和食さと 岸田堂店が3/14(土)にリニューアルオープン!!,ゆったり半個室席の増設、ソフトクリームコーナー等サービスがさらに充実！,2026年03月14日 13:56
28,https://prtimes.jp/,グルメ,https://prtimes.jp/main/html/rd/p/000000149.000014190.html,2026年03月14日 11:00,【ショコラティエ パレドオール】春のご褒美スイーツ！桜・抹茶・いちごで彩る春限定ショコラパフェが登場,ひと口で春満開！季節限定パフェとショコラのご案内,2026年03月14日 13:56
29,https://prtimes.jp/,グルメ,https://prtimes.jp/main/html/rd/p/000000315.000026789.html,2026年03月14日 10:57,移りゆく四季を味わうチョコレート【四季とメゾン】。春は軽やかな桜スイーツが 3/15（日）より順次登場。,,2026年03月14日 13:56
30,https://prtimes.jp/,グルメ,https://prtimes.jp/main/html/rd/p/000000099.000018848.html,2026年03月14日 10:00,【荻窪 初出店】 全国50店舗達成！サラダボウル専門『WithGreen』 ルミネ荻窪に3月14日オープン,,2026年03月14日 13:56
31,https://prtimes.jp/,グルメ,https://prtimes.jp/main/html/rd/p/000000741.000033279.html,2026年03月14日 10:00,【1日で10種類以上を食べ尽くしカレー真理に迫る】カレー大學が「調理学」に特化した究極の1日集中講座を5月9日に開講！湘南の名店「海月」オーナーシェフ横山和彦氏が門外不出の“科学的調理理論”を全伝授,【3つの注目ポイント】①10種類以上のカレー実習＆試食の体験する前代未聞のプログラム、②7時間でカレー専門家になる調理×歴史×商品学を統合した総合カレー講座、③認定資格「カレー伝導師」を1日で取得可能,2026年03月14日 13:56
32,https://prtimes.jp/,グルメ,https://prtimes.jp/main/html/rd/p/000000313.000089515.html,2026年03月14日 09:00,かっぱ寿司「ごちCAFE」×日本橋榮太樓　春のひとときを彩る、 「フルーツみつ豆」と「クリームあんみつパフェ」が 期間限定販売で登場！,,2026年03月14日 13:56
33,https://prtimes.jp/,グルメ,https://prtimes.jp/main/html/rd/p/000000843.000052177.html,2026年03月14日 09:00,【ノボテル沖縄那覇】桜の余韻を料理で楽しむ、お昼の「桜御膳」と「桜あんぱん」,,2026年03月14日 13:56
34,https://prtimes.jp/,グルメ,https://prtimes.jp/main/html/rd/p/000000035.000166086.html,2026年03月14日 00:00,日本直販、あみゅどるコラボ第2弾として限定日本酒「大吟醸 あみゅの酒」を3月13日より発売予定,〜 明治十年創業・奈良春日山酒造と協業。着物姿のオリジナルラベルで、“和”の世界観を商品化 〜,2026年03月14日 13:56
35,https://prtimes.jp/,グルメ,https://prtimes.jp/main/html/rd/p/000000006.000179076.html,2026年03月13日 23:24,【秋田初上陸】行列の絶えない麻辣湯専門店「福恩（フーエン）麻辣湯」が秋田市にオープン！全国100店舗を目指す急成長ブランドが東北エリアへ展開加速,全国35店舗の進出決定！話題の「福恩（フーエン）麻辣湯」がついに秋田市へ。自分好みにカスタマイズできる“選べる楽しさ”で、新しい食のエンターテインメントを提供します。,2026年03月14日 13:56
36,https://prtimes.jp/,グルメ,https://prtimes.jp/main/html/rd/p/000000015.000126917.html,2026年03月13日 23:16,台湾農産物の魅力を発信　FOODEX JAPAN 2026閉幕、日台連携の新たな一歩,,2026年03月14日 13:56
37,https://prtimes.jp/,グルメ,https://prtimes.jp/main/html/rd/p/000000024.000064743.html,2026年03月13日 20:18,赤坂に“音楽とバールを楽しむイタリアン”誕生 ！イル カルディナーレ 赤坂店がスタンディングバールを新設！,小皿料理が200円・グラスワインが300円から楽しめる新スタイル,2026年03月14日 13:56
38,https://prtimes.jp/,グルメ,https://prtimes.jp/main/html/rd/p/000000003.000138891.html,2026年03月13日 20:07,台東食材、日本へ本格進出 「一石三鳥」グループと日光・明治の館が連携し「台東祭」を開催,,2026年03月14日 13:56
39,https://prtimes.jp/,グルメ,https://prtimes.jp/main/html/rd/p/000000021.000035423.html,2026年03月13日 19:56,溝の口に香港スイーツPOPUPが期間限定オープン！プロデュースは銀座の香港料理店「喜記」,"銀座で累計7,800個販売の人気企画。看板商品「バターボーローバン」やエッグタルトなど香港スイーツを期間限定販売",2026年03月14日 13:56
40,https://prtimes.jp/,グルメ,https://prtimes.jp/main/html/rd/p/000000003.000178988.html,2026年03月13日 19:53,【YouTuberヒカル×勝股農園】「本気のコラボ梅干し」本日発売,生産者の6割が高齢者。衰退の危機にある梅業界を変える。,2026年03月14日 13:56
41,https://prtimes.jp/,グルメ,https://prtimes.jp/main/html/rd/p/000000002.000179107.html,2026年03月13日 19:45,日本初！御殿場発！伝統発酵食×大豆から生まれたお肉『なっと肉®️』　なっとう肉屋『一永堂 御殿場本店』が、2026年3月15日オープン！,ニッポンから納豆肉を！日本の伝統の納豆菌と植物性由来の大豆から作った次世代のお肉。富士山の麓から皆さまへ、新しいお肉のカタチ「なっと肉®️」をお届けします。,2026年03月14日 13:56
42,https://prtimes.jp/,グルメ,https://prtimes.jp/main/html/rd/p/000000694.000044559.html,,,ニュースリリース配信サービス,2026年03月14日 13:56
43,https://prtimes.jp/,グルメ,https://prtimes.jp/main/html/rd/p/000000058.000163102.html,2026年03月13日 19:30,「アイスは別腹」×「とろり天使のわらびもち」安城店がコラボ！安城店限定ソフトやアイスは別腹の人気商品を販売！,「とろり天使のわらびもち 安城店」の周年イベントも同時開催！,2026年03月14日 13:56
44,https://prtimes.jp/,グルメ,https://prtimes.jp/main/html/rd/p/000000006.000176133.html,2026年03月13日 19:24,【NEW OPEN】岡山県 倉敷市 瀬戸内海国立公園・鷲羽山に、「日本茶と珈琲と絶景」を味わうカフェ「KOTKA SETOUCHI / コトカ」が誕生します。,瀬戸内海国立公園・鷲羽山。瀬戸大橋と多島美を望む、鷲羽山ビジターセンター内に、日本茶と珈琲と絶景を楽しむカフェ「KOTKA SETOUCHI / コトカ 」 を令和8年3/21(土)にオープンします。,2026年03月14日 13:56
45,https://prtimes.jp/,グルメ,https://prtimes.jp/main/html/rd/p/000000005.000141546.html,2026年03月13日 19:01,【蒸蒸酒場 カイフォルニア】感謝の9周年！【3日間限定】Wキャンペーン開催!!何杯飲んでもドリンク半額!!&今だけ、蒸し牡蠣100円の『カキ祭り』!! 2026年3月17日(火)〜19日(木),昭和レトロを感じながら愉しむ海鮮酒場,2026年03月14日 13:56
46,https://prtimes.jp/,グルメ,https://prtimes.jp/main/html/rd/p/000001733.000009215.html,2026年03月13日 19:01,【TGIフライデーズ】 1965円で楽しむ 「ニューヨークの味」。TGIフライデーズ創業61周年 『Back to New York 1965』 開催！,AMERICAN CLASSIC BURGER x LONG ISLAND ICED TEA 期間限定販売 全13店舗　 3月15日(日)～3月31日(火),2026年03月14日 13:56
47,https://prtimes.jp/,グルメ,https://prtimes.jp/main/html/rd/p/000000007.000055604.html,2026年03月13日 19:00,埼玉県ときがわ町の里山が「理想郷」に。Teenage Brewing 3周年記念フェス『Teenage Weekend 2026』5月30日(土)開催決定！,"ビール、音楽、自然が溶け合う、境界線のない1日限りの野外フェス。Teenage Brewingが手がける、美しくも自由な""理想郷""へようこそ。",2026年03月14日 13:56
48,https://prtimes.jp/,グルメ,https://prtimes.jp/main/html/rd/p/000000003.000179418.html,2026年03月13日 18:01,【佐賀】神埼そうめんが「神埼『総』めん」へリブランディング。390年の伝統を、未来の誇りへ。,〜機械式製麺発祥の地から、伝統の継承と食文化の新時代を切り拓く〜,2026年03月14日 13:56
49,https://prtimes.jp/,グルメ,https://prtimes.jp/main/html/rd/p/000000673.000016651.html,2026年03月13日 18:00,スタジアムシティホテル長崎最上階レストラン４店舗が開業1年を経て、ついに一般予約が可能に！,～焼肉、寿司、ちゃんぽん、日本酒BARがメニューを刷新し、誰でもお楽しみいただけるレストランへ。～,2026年03月14日 13:56
50,https://prtimes.jp/,グルメ,https://prtimes.jp/main/html/rd/p/000000260.000027824.html,2026年03月13日 17:47,【ホテルニューオータニ博多】スペインの伝統美を感じる空間へ「レストラン カステリアンルーム」「バー カステリアンルーム」ソフトリニューアル,リニューアルを記念し、特別ランチコースと期間限定ハッピーアワーを開催,2026年03月14日 13:56
51,https://prtimes.jp/,グルメ,https://prtimes.jp/main/html/rd/p/000000192.000054826.html,2026年03月13日 17:23,「五ケ山豆腐」に季節限定で新メニューが登場！！,「株式会社愛しとーと」（本社：福岡県那珂川市、代表：岩本初恵）が運営する山のレストラン「五ケ山豆腐」は、季節限定で新メニュー「厚揚げ肉巻き御膳」を好評提供中です。,2026年03月14日 13:56
52,https://prtimes.jp/,グルメ,https://prtimes.jp/main/html/rd/p/000000024.000129399.html,2026年03月13日 17:20,南陽市のワイナリーが一堂に集まる！南陽ワインフェス2026が開催,ワインと音楽で特別な時間を。来場者にはオリジナル「フェスタオル」もプレゼント！,2026年03月14日 13:56
53,https://prtimes.jp/,グルメ,https://prtimes.jp/main/html/rd/p/000000191.000073463.html,2026年03月13日 17:20,恵比寿のコーヒースタンド「JOE TALK COFFEE」、ランとコーヒーと会話で朝を整えるコミュニティイベント「healthy joe talk run vol.1」を3月29日（日）に開催,～ ランニング後にコーヒータイム。先着10名限定 ～,2026年03月14日 13:56
54,https://prtimes.jp/,グルメ,https://prtimes.jp/main/html/rd/p/000006797.000010088.html,2026年03月13日 17:10,【JAF茨城】大子町の春を奥久慈りんごで満喫！JAFデー in 藤田観光りんご園「完熟りんごのアップルパイを作ろう！」,今年はお土産にアップルジュースと次回入場無料チケット、同伴者にも同様のお土産を提供,2026年03月14日 13:56
55,https://prtimes.jp/,グルメ,https://prtimes.jp/main/html/rd/p/000001182.000024246.html,2026年03月13日 17:00,【最新口コミ調査】塚田農場のGoogleマップ平均評価は★4.5！高評価を支える「推しメニュー」を口コミから分析！,「塚田農場」38店舗の「口コミ平均評価」「外国語口コミ率」「ポジティブキーワード」を調査,2026年03月14日 13:56
56,https://prtimes.jp/,グルメ,https://prtimes.jp/main/html/rd/p/000001184.000014225.html,2026年03月13日 17:00,【カフェコムサ】創業30周年を彩る記念ケーキをチーフパティシエが考案！宇和島フェアを開催！,愛媛県 宇和島市 CORLEOFARM産「清見オレンジ」のケーキをメインに３種類のケーキがラインナップします。春の訪れを告げる春みかんの美しいケーキです！,2026年03月14日 13:56
57,https://prtimes.jp/,グルメ,https://prtimes.jp/main/html/rd/p/000000001.000175760.html,2026年03月13日 17:00,港区で話題の「締めサプリ」誕生。経営者の飲酒体験から生まれた飲み会サポートサプリ「酒者蘇生（しゅしゃそせい）」、待望のAmazonで販売開始。,"飲み会の“最後に飲む”新習慣。18種成分3,000mg配合の顆粒タイプ、港区発のライフスタイルサプリ。 Amazon発売記念で20％オフキャンペーン開催！",2026年03月14日 13:56
58,https://prtimes.jp/,エンタメ,https://prtimes.jp/main/html/rd/p/000000666.000059399.html,2026年03月14日 12:00,大観覧車「コスモクロック21」でSTPR特別演出が決定！STPR Family×横浜市コラボイベントの一環として実施！Kアリーナ横浜内外では、ライブ開催に合わせ連動企画を展開,― 開催日程：3/20・21「AMPTAK」ワンマンライブ、3/22・23「めておら」ワンマンライブ、3/25・26握手＆ハイタッチ会、3/28・29 所属グループ総出演 大型ライブイベント ―,2026年03月14日 13:56
59,https://prtimes.jp/,エンタメ,https://prtimes.jp/main/html/rd/p/000004874.000029501.html,2026年03月14日 12:00,敵も味方もゆるすぎる⁉SNSで話題のSTUDY優作が描く“平和すぎる” 犬の戦隊ヒーロー『わんわーズ』3月14日（土）より連載開始,,2026年03月14日 13:56
60,https://prtimes.jp/,エンタメ,https://prtimes.jp/main/html/rd/p/000001992.000003481.html,2026年03月14日 12:00,KYOSUKE HIMURO FILM CONCERT TOURLAST GIGS OVERRIDE LIVE VIEWING開催決定！,https://liveviewing.jp/himuro-lastgigsoverride/,2026年03月14日 13:56
61,https://prtimes.jp/,エンタメ,https://prtimes.jp/main/html/rd/p/000008118.000016756.html,2026年03月14日 12:00,書泉グランデに、謎が、山積みだ！『書泉グランデNAZO祭り』を【3月14日（土）～5月10日（日）】にて開催‼,～謎解きだけで1日が終わるような、謎尽くしの１日をお過ごしください～,2026年03月14日 13:56
62,https://prtimes.jp/,エンタメ,https://prtimes.jp/main/html/rd/p/000008122.000016756.html,2026年03月14日 12:00,『桜蘭高校ホスト部』より、ぬいパルすきっぷシリーズとぱしゃこれが登場！,株式会社ムービックは『桜蘭高校ホスト部』の新商品を、全国のアニメイト、アニメイト通販、ムービック通信販売等にて発売いたします。,2026年03月14日 13:56
63,https://prtimes.jp/,エンタメ,https://prtimes.jp/main/html/rd/p/000000673.000036704.html,2026年03月14日 12:00,FM AICHI「アスナル金山 presents ASUNAL TREASURE」が20年目のリニューアル！11代目パーソナリティは「平野莉玖」「WITHDOM」「林祐衣」！,,2026年03月14日 13:56
64,https://prtimes.jp/,エンタメ,https://prtimes.jp/main/html/rd/p/000001955.000025606.html,2026年03月13日 14:00,【お詫びとお知らせ】「東京ばな奈×モンチッチ　キーチェーン」販売店変更,JR東京駅｢改札内｣では販売中止とさせていただきます,2026年03月14日 13:56
65,https://prtimes.jp/,エンタメ,https://prtimes.jp/main/html/rd/p/000000856.000125910.html,2026年03月13日 18:00,【ＢＳ日テレ】船越英一郎主演の新作 2 時間サスペンス！「弁護士 六角心平 京都殺人事件簿２」４月４日（土）よる７時　豪華出演者からコメント到着！,黒谷友香「今回は心平さんとは別々に行動…最後に…」石丸謙二郎「胸の芯の奥の方をドンと打たれるような…」,2026年03月14日 13:56
66,https://prtimes.jp/,エンタメ,https://prtimes.jp/main/html/rd/p/000004062.000011710.html,2026年03月13日 18:00,「大絶滅展－生命史のビッグファイブ」名古屋展 いよいよ3月20日(金・祝)より開幕！,展覧会スペシャルナビゲーター 福山雅治氏の特別企画「生命の声、地球の歌」、グッズの紹介,2026年03月14日 13:56
67,https://prtimes.jp/,エンタメ,https://prtimes.jp/main/html/rd/p/000004876.000029501.html,2026年03月14日 11:00,ミキ史上最大規模で今年も全国漫才行脚！！『ミキ漫2026 全国ツアー』開催決定！,3月15日(日)よりFANYチケットにて先行受付開始,2026年03月14日 13:56
68,https://prtimes.jp/,エンタメ,https://prtimes.jp/main/html/rd/p/000000449.000021750.html,2026年03月13日 14:09,STV朝の新番組「シャイン！」スタート,２０２６年３月３０日（月）朝５：００から放送,2026年03月14日 13:56
69,https://prtimes.jp/,エンタメ,https://prtimes.jp/main/html/rd/p/000002125.000003392.html,2026年03月13日 17:00,TBSラジオ新番組『ファーストサマーウイカのとん・じん・ち！』4月3日（金）よりスタート！,,2026年03月14日 13:56
70,https://prtimes.jp/,エンタメ,https://prtimes.jp/main/html/rd/p/000000498.000012860.html,2026年03月13日 12:00,名古屋会場限定グッズも！「ひつじのショーン展 with ウォレスとグルミット」3月28日から名古屋PARCOで開催。,名古屋会場限定&先行販売グッズが登場！開催を記念したスタンプラリーも実施します。,2026年03月14日 13:56
71,https://prtimes.jp/,エンタメ,https://prtimes.jp/main/html/rd/p/000003308.000012949.html,2026年03月12日 10:00,50周年を迎える浜田省吾の楽曲と匠の花火がシンクロ、夏の夜空を1万4000発が彩る一夜限りの最新型・花火エンタテインメント開催決定！,,2026年03月14日 13:56
72,https://prtimes.jp/,エンタメ,https://prtimes.jp/main/html/rd/p/000018601.000007006.html,2026年03月13日 11:00,ちいかわ・ハチワレ・うさぎのデザインがキュートな「ちいかわ シールメーカー」がスペシャル付録！　『ちいかわ シールメーカーBOOK』2026年3月13日（金）発売♪,,2026年03月14日 13:56
73,https://prtimes.jp/,エンタメ,https://prtimes.jp/main/html/rd/p/000000627.000052709.html,2026年03月09日 12:11,『初音ミク V6』新ビジュアル＆英語歌唱デモ動画を初公開！ イラスト制作はLAMさん！,『初音ミク』開発プロデューサー・佐々木渉のコメントも掲載！,2026年03月14日 13:56
74,https://prtimes.jp/,エンタメ,https://prtimes.jp/main/html/rd/p/000001444.000030865.html,2026年03月08日 21:15,葛葉 2nd MINI ALBUM「Adamantite」2026年7月29日(水)発売！さらに、2026年10月にはKアリーナ横浜でのワンマンライブ開催も！,,2026年03月14日 13:56
75,https://prtimes.jp/,エンタメ,https://prtimes.jp/main/html/rd/p/000001445.000030865.html,2026年03月12日 21:10,『3SKM 1st LIVE “One-Off”』2026年8月23日(日)横浜BUNTAIにて開催決定！4月29日(水)よりシリアル先行抽選スタート！,2026年4月29日(水)発売 「Nighthawks」に本ライブの先行抽選シリアルコードを封入！,2026年03月14日 13:56
76,https://prtimes.jp/,エンタメ,https://prtimes.jp/main/html/rd/p/000001441.000030865.html,2026年03月11日 21:00,にじさんじから「すぷれあ Half Anniversary」グッズが登場！2026年3月17日(火)18時から販売開始！,,2026年03月14日 13:56
77,https://prtimes.jp/,エンタメ,https://prtimes.jp/main/html/rd/p/000001440.000030865.html,2026年03月11日 12:00,にじさんじから「3SKM 2nd Anniversary」グッズが登場！2026年3月12日(木)18時から販売開始！,,2026年03月14日 13:56
78,https://prtimes.jp/,エンタメ,https://prtimes.jp/main/html/rd/p/000000333.000012901.html,2026年02月26日 11:00,QuizKnockを運営する株式会社batonがデジタル運動プラットフォーム「DIDIM（ディディム）」の日本国内正規販売代理店として本格始動　サービスサイトを公開しました,1月には札幌国際大学と包括連携協定を締結し、同大学の安井政樹准教授と共同研究を開始,2026年03月14日 13:56
79,https://prtimes.jp/,エンタメ,https://prtimes.jp/main/html/rd/p/000001434.000030865.html,2026年03月06日 12:00,「にじさんじ ホワイトデー2026ボイス～You Are Mine～」「にじさんじ ささやき寝かしつけボイス」、「ボイスビジュアルカード」2026年3月13日(金)12時より販売決定！,,2026年03月14日 13:56
80,https://prtimes.jp/,エンタメ,https://prtimes.jp/main/html/rd/p/000000005.000178148.html,2026年03月03日 13:00,「まんが日本昔ばなし」公式サイト公開と共創パートナーの募集を開始,,2026年03月14日 13:56
81,https://prtimes.jp/,エンタメ,https://prtimes.jp/main/html/rd/p/000000296.000056642.html,2026年02月24日 11:00,《この春、「丸亀製麺」が「丸亀製麺（まるかめせいめん）」に！？》「丸亀製麺」と『ドラゴンボールZ』の7つの驚きのコラボ　ドラゴンボールや元気玉など、作品の世界観をモチーフにしたコラボ商品が登場,さらに特別装飾を施したコラボ店舗が新宿御苑前店に期間限定オープン！ 2026年3月3日（火）から全国の丸亀製麺にてスタート,2026年03月14日 13:56
82,https://prtimes.jp/,エンタメ,https://prtimes.jp/main/html/rd/p/000000502.000020740.html,2026年03月14日 13:03,本日3月14日（土）からスタート！開館1周年展 増田セバスチャン「KAWAIITOPIA -GO TO HEAVEN(HELL)-」,－内覧会には世界各国からKAWAIIカルチャーファンも集結！－,2026年03月14日 13:56
83,https://prtimes.jp/,エンタメ,https://prtimes.jp/main/html/rd/p/000002032.000000084.html,2026年03月14日 13:00,【フジテレビ】二大麻雀番組、『THEわれめDEポン』と『極雀』のコラボが今年も実現！『～地上最強位決定戦～「THE極雀DEポン」』生配信・生放送決定！,出演：＜THEわれめDEポン代表＞宮川一朗太、岡田紗佳プロ（日本プロ麻雀連盟）＜極雀代表＞見栄晴、内川幸太郎プロ（日本プロ麻雀連盟）＜ＭＣ＞ガダルカナル・タカ　＜アシスタント＞橘 ゆりか,2026年03月14日 13:56
84,https://prtimes.jp/,エンタメ,https://prtimes.jp/main/html/rd/p/000000683.000037175.html,2026年03月14日 12:09,【楽天イーグルス】『マエケン画伯』グッズ待望の販売決定！,3/21（土）、22（日）限定で店舗販売！オンラインショップ受注販売も実施,2026年03月14日 13:56
85,https://prtimes.jp/,エンタメ,https://prtimes.jp/main/html/rd/p/000000317.000049041.html,2026年03月14日 12:03,空山基　自身最大の回顧展『SORAYAMA　光・透明・反射　ーTOKYOー』開幕。渋谷PARCOにてPOP UP EVENTの開催も決定,本展覧会で初披露となる『攻殻機動隊』草薙素子の新作立体作品をモチーフにしたTシャツ１型を渋谷PARCOにて先行販売,2026年03月14日 13:56
86,https://prtimes.jp/,エンタメ,https://prtimes.jp/main/html/rd/p/000000711.000017258.html,2026年03月14日 12:00,CANDY TUNE、デビュー3周年記念日にポップでキュートな新アーティスト写真＆3rdシングルCDジャケット解禁,,2026年03月14日 13:56
87,https://prtimes.jp/,エンタメ,https://prtimes.jp/main/html/rd/p/000000085.000030719.html,2026年03月14日 12:00,あの出来事、あの現象が「景気・株価」に関連!?『ベテランエコノミストが解説　データで読み解く「日本経済」のリアル【季節＆気象・マインド・おもしろジンクス編】』Amazon Kindleにて刊行,,2026年03月14日 13:56
88,https://prtimes.jp/,エンタメ,https://prtimes.jp/main/html/rd/p/000000212.000037334.html,2026年03月14日 12:00,『書泉グランデNAZO祭り』開催【3月14日（土）～5月10日（日）】,～謎解きだけで1日が終わるような、謎尽くしの１日をお過ごしください～,2026年03月14日 13:56
89,https://prtimes.jp/,エンタメ,https://prtimes.jp/main/html/rd/p/000003312.000012949.html,2026年03月14日 12:00,伝説の不条理ギャグバトル漫画︕完全新作舞台！『超ハジケステージ☆ボボボーボ・ボーボボ 〜因縁！鼻毛！決戦！〜』キービジュアル解禁！！原作者の澤井啓夫氏よりコメントが到着！,３月14日（土）より一般発売開始！！,2026年03月14日 13:56
90,https://prtimes.jp/,エンタメ,https://prtimes.jp/main/html/rd/p/000000152.000045787.html,2026年03月14日 12:00,池袋HUMAXシネマズにて「ギヴン」バースデー上映会開催決定！,「映画 ギヴン」「映画 ギヴン 柊mix」「映画 ギヴン 海へ」を上映して参りました池袋HUMAXシネマズにて、キャラクターバースデー記念の上映会を行うことが決定いたしました！,2026年03月14日 13:56
91,https://prtimes.jp/,エンタメ,https://prtimes.jp/main/html/rd/p/000001674.000055377.html,2026年03月14日 12:00,めっちゃ美人、初のMV「まれびと」は、ダンボールと張り子で紡ぐ異世界アート作品。,,2026年03月14日 13:56
92,https://prtimes.jp/,エンタメ,https://prtimes.jp/main/html/rd/p/000001875.000013670.html,2026年03月14日 12:00,STPR Family×Yokohama追加企画!～大観覧車「コスモクロック21」 STPR Family特別演出が決定！～,STPR Familyが横浜の街をジャック!!昼も夜もSTPR Familyだらけの街を楽しもう,2026年03月14日 13:56
93,https://prtimes.jp/,エンタメ,https://prtimes.jp/main/html/rd/p/000000318.000026677.html,2026年03月14日 11:22,3月14日より開催！アニメイト渋谷にて「Fate/Grand Order藤丸立香はわからない」BOUQUETver. POPUPSHOP槌田監督による新規イラストを大公開！店舗で楽しめる特別企画も,,2026年03月14日 13:56
94,https://prtimes.jp/,エンタメ,https://prtimes.jp/main/html/rd/p/000000029.000051415.html,2026年03月14日 11:00,マーダーミステリー専門店「Rabbithole」新橋店が3月14日にオープン！新作マーダーミステリー「HOTEL IN RED-ホテル・インレッド-」も公演スタート,,2026年03月14日 13:56
95,https://prtimes.jp/,エンタメ,https://prtimes.jp/main/html/rd/p/000000065.000005401.html,2026年03月14日 11:00,世界的アーティスト・空山基氏とのコラボレーションによる究極のアートバイク「SORAYAMA BIKE」を発表,～工業製品とアートの境界を超え、グローバル・ハイエンド市場へ～,2026年03月14日 13:56
96,https://prtimes.jp/,エンタメ,https://prtimes.jp/main/html/rd/p/000000008.000152218.html,2026年03月14日 11:00,兵庫県加西市の魅力発信拠点でアコースティックライブ開催。昨年12月開催の好評を受け、新たな音楽ユニットも加えての第2弾。,加西市の中心街【Kasai Garage】で,2026年03月14日 13:56
97,https://prtimes.jp/,エンタメ,https://prtimes.jp/main/html/rd/p/000000429.000030888.html,2026年03月14日 11:00,世界各地を巡ったドラえもん史上最大級のイベント『100％ドラえもん＆フレンズ in 東京』　日本を象徴する「日本会場オリジナルドラえもん」4種類が登場するアニメ『ドラえもん』の放送決定！,～3月21日（土）放送エピソードで大活躍、ドローンショーでは一足先に夜空へ出現～,2026年03月14日 13:56
98,https://prtimes.jp/,エンタメ,https://prtimes.jp/main/html/rd/p/000000006.000172525.html,2026年03月14日 10:50,「レスリー・チャン — 誰能代替你地位？」写真展＆映画『さらば、わが愛 覇王別姫』特別上映2026年3月28日より東京にて開催,,2026年03月14日 13:56
99,https://prtimes.jp/,エンタメ,https://prtimes.jp/main/html/rd/p/000003579.000013972.html,2026年03月14日 10:00,【2025年ラテン・グラミー賞ノミネート】　若干20歳で世界を席巻するスペイン人ギタリスト、アウシアス・パレホの待望の再来日公演が2026年5月に開催決定！,,2026年03月14日 13:56
100,https://prtimes.jp/,エンタメ,https://prtimes.jp/main/html/rd/p/000008121.000016756.html,2026年03月14日 10:00,『顔だけじゃ好きになりません』より、ミストグラフが受注生産商品で登場！,株式会社ムービックは『顔だけじゃ好きになりません』の新商品を、全国のアニメイト、アニメイト通販、ムービック通信販売等にて発売いたします。,2026年03月14日 13:56
101,https://prtimes.jp/,エンタメ,https://prtimes.jp/main/html/rd/p/000000231.000064384.html,2026年03月14日 10:00,「横浜レキハク・パートナーズ」寄附・会員制度。2026年度会員の募集を3月14日(土)より開始します！【横浜市歴史博物館】,制度内容や魅力的な特典内容についてお知らせします。,2026年03月14日 13:56
102,https://prtimes.jp/,エンタメ,https://prtimes.jp/main/html/rd/p/000000006.000163730.html,2026年03月14日 10:00,『ガールズ＆パンツァー 最終章』日常での普段使いができる、ゼロから新しく型を起こした二層式大容量の高機能自立収納鞄『ガルパンバックパック』2026年冬発売!!【AnotherAngle】,シリーズ累計3万点以上を販売しているAnotherAngleのガルパンアパレルシリーズ待望の最新作!!,2026年03月14日 13:56
103,https://prtimes.jp/,エンタメ,https://prtimes.jp/main/html/rd/p/000000686.000040629.html,2026年03月14日 10:00,ABCラジオ「Sky presents中村七之助のラジのすけ」、歌舞伎俳優・坂東彌十郎が2週連続ゲスト出演！七之助の最大のピンチを救ってくれた恩人！？,,2026年03月14日 13:56
104,https://prtimes.jp/,エンタメ,https://prtimes.jp/main/html/rd/p/000009358.000014827.html,2026年03月14日 10:00,【絶賛受付中！】進藤あまね Birthdayイベント「あまねすと過ごす22 （にゃんにゃん）な1年。」アニメイト先行実施のお知らせ,,2026年03月14日 13:56
105,https://prtimes.jp/,エンタメ,https://prtimes.jp/main/html/rd/p/000000850.000014948.html,2026年03月14日 10:00,謎を解くのはアナタだ！帰ってきた参加型本格ミステリーコンテンツ【全員探偵プロジェクト 大須商店街殺人事件】,テレビ愛知 3月21日（土）午後2時30分 地上波生放送＆同時生配信,2026年03月14日 13:56
106,https://prtimes.jp/,エンタメ,https://prtimes.jp/main/html/rd/p/000000124.000117325.html,2026年03月14日 10:00,『モンスターハンターNow』×キンコーズ 会場装飾とノベルティでファン体験を強化 ～スピード設営とパーソナライズ提供を～,,2026年03月14日 13:56
107,https://prtimes.jp/,エンタメ,https://prtimes.jp/main/html/rd/p/000003540.000013972.html,2026年03月14日 10:00,栃木県のかんぴょう農家を舞台に描く人情物語　日穏-bion-第19回公演「夕顔」東京・宇都宮の二会場で5月上演　チケット販売中,音楽は作曲家・林ゆうき　代表作にドラマ「緊急取調室」「あさが来た」、アニメ「僕のヒーローアカデミア」「ハイキュー!!」など,2026年03月14日 13:56
108,https://prtimes.jp/,エンタメ,https://prtimes.jp/main/html/rd/p/000000192.000094653.html,2026年03月14日 10:00,柏木由紀 オーケストラコンサート「SHORT CAKE」開催決定,2026年5月13日（水）東京芸術劇場コンサートホールにて開催,2026年03月14日 13:56
109,https://prtimes.jp/,エンタメ,https://prtimes.jp/main/html/rd/p/000000015.000176229.html,2026年03月14日 09:35,【本日3/14 21時オープン】次世代アーティストが集う「FROM ARTIST U25エキシビション」VRChat会場がいよいよ解禁！作家本人の解説ツアーや、人気インフルエンサーのゲリラ参加も！？,写真・動画撮影＆SNS投稿大歓迎！物理的制約を超越した没入型アート体験。3/23からの中目黒リアル展示に先駆け、新感覚のアート空間を本日21時より無料公開。,2026年03月14日 13:56
110,https://prtimes.jp/,エンタメ,https://prtimes.jp/main/html/rd/p/000000034.000056903.html,2026年03月14日 09:00,神戸ファッション美術館は、2026年４月11日(土)から、特別展「トーベン・クールマン絵本原画展」を開催します,ネズミと偉人　科学と冒険の物語,2026年03月14日 13:56
111,https://prtimes.jp/,エンタメ,https://prtimes.jp/main/html/rd/p/000000855.000003707.html,2026年03月14日 09:00,すべて奪われた先に、幸せが待っていた「契約結婚」相手探しから始まる現代ロマンス！「不幸な私を救ってくれた御曹司との契約結婚」3/14（土）独占配信スタート,,2026年03月14日 13:56
112,https://prtimes.jp/,エンタメ,https://prtimes.jp/main/html/rd/p/000000187.000087046.html,2026年03月14日 08:37,「まだAIに触れていない農家」にこそ届けたい。農業AI実践書を3日間無料で公開,〜Amazon Kindleストア「農学」売れ筋ランキング1位、30事例超のプロンプト付き〜,2026年03月14日 13:56
113,https://prtimes.jp/,エンタメ,https://prtimes.jp/main/html/rd/p/000002216.000002734.html,2026年03月14日 08:00,＜ＢＳテレ東＞大人気「ずん喫茶」のスピンオフ番組が誕生！＼♨その名も…「飯尾和樹のずん銭湯」♨／,飯尾さんが喫茶店を飛び出して…老舗銭湯めぐりへ！	豪華ゲストには…俳優・高橋克実さん＆ずん・やすさん！,2026年03月14日 13:56
114,https://prtimes.jp/,エンタメ,https://prtimes.jp/main/html/rd/p/000008263.000001719.html,2026年03月14日 08:00,FRaU S-TRIP第７弾“まるごと一冊京都”号の表紙は、京都出身の吉岡里帆！にぎわう京都市を出て、「海」「森」「お茶」の京都＆「竹の里」への旅と、“隠れ宿”を大特集!!,,2026年03月14日 13:56
115,https://www.atpress.ne.jp/,旅行,https://www.atpress.ne.jp/news/5456393,2026年03月12日 14:00,"【開催日決定】3/18(水)～3/24(火)に春のライトアップイベント
「春夜の六義園 夜間特別観賞」を実施します",1.開催日時,2026年03月14日 13:56
116,https://www.atpress.ne.jp/,旅行,https://www.atpress.ne.jp/news/578482,2026年03月10日 19:00,"番組放送5周年を記念したイベント
「全国4大都市ツアー オモウマランド 
supported byこだわり酒場」が開催決定！
名古屋・東京・大阪・福岡で“オモウマ旋風”が駆け抜ける！？",この発行者のリリース,2026年03月14日 13:56
117,https://www.atpress.ne.jp/,旅行,https://www.atpress.ne.jp/news/577733,2026年03月10日 16:00,"静岡県内アニメ4作品のモデル地をまとめた
「静岡県アニメモデル地マップ」の配布を開始！特設サイトも公開",この発行者のリリース,2026年03月14日 13:56
118,https://www.atpress.ne.jp/,旅行,https://www.atpress.ne.jp/news/578744,2026年03月10日 10:30,"道の駅「若狭おばま」15周年記念イベントを
3月14・15日に開催＆記念切符を限定発売！",この発行者のリリース,2026年03月14日 13:56
119,https://www.atpress.ne.jp/,旅行,https://www.atpress.ne.jp/news/578322,2026年03月10日 12:00,「ビームス ジャパン 盛岡 ポップアップストア」の開催について,この発行者のリリース,2026年03月14日 13:56
120,https://www.atpress.ne.jp/,旅行,https://www.atpress.ne.jp/news/8777052,2026年03月11日 09:15,「5K録画・7500万画素」対応のコンパクトデジタルカメラ登場　卒業・入学シーズンの思い出を高画質で残す 5K録画対応コンパクトデジタルカメラ,前後カメラ搭載、5K録画対応の小型デジタルカメラ　18倍ズームでVlog撮影/SNS動画撮影にも対応,2026年03月14日 13:56
121,https://www.atpress.ne.jp/,旅行,https://www.atpress.ne.jp/news/579888,2026年03月12日 16:30,"岩手銀行赤レンガ館オリジナルグッズを
株式会社ビームス クリエイティブと連携して制作",～「ビームス ジャパン 盛岡 ポップアップストア」にて、3月14日より販売開始～,2026年03月14日 13:56
122,https://www.atpress.ne.jp/,旅行,https://www.atpress.ne.jp/news/576961,2026年03月13日 18:00,"日本最大級の餃子イベント 静岡初上陸！
「全日本ぎょうざ祭り」@グランシップ広場　
前売入場券を3月7日(土)から販売開始",この発行者のリリース,2026年03月14日 13:56
123,https://www.atpress.ne.jp/,旅行,https://www.atpress.ne.jp/news/8913336,2026年03月13日 17:00,82新宿西口大ガード店　契約満了に伴う閉店のお知らせ,最終営業日の2026年4月11日（土）は終日ハッピアワー価格で営業します,2026年03月14日 13:56
124,https://www.atpress.ne.jp/,旅行,https://www.atpress.ne.jp/news/6105511,2026年03月13日 09:00,"コイン級の丸型デザインで車内すっきり。超小型ワイヤレスアダプター「GetPairr Mini 2.0」が期間限定2,499円、挿すだけでWireless CarPlay／Android Auto対応",通勤前や短距離移動のたびに発生する“つなぐ手間”を見直し、乗った瞬間から使いやすい車内環境へ。超小型・丸型デザインで、見た目もすっきり整うGetPairr Mini 2.0。,2026年03月14日 13:56
125,https://www.atpress.ne.jp/,旅行,https://www.atpress.ne.jp/news/579966,2026年03月13日 18:00,"代々木公園が九州に染まる4日間！
都内最大級のグルメ祭
「第17回九州観光・物産フェアin代々木2026」開催決定！","～全60店舗が集結！定番から超希少メニューまで、
九州の“うまかもん”が代々木に大集結～",2026年03月14日 13:56
126,https://www.atpress.ne.jp/,旅行,https://www.atpress.ne.jp/news/578573,2026年03月06日 16:30,"累計300万人動員(＊1)の「大つけ麺博」がプロデュース！
「大つけ麺博Presentsつくばラーメン祭」が
研究学園駅前公園にて3月13日より開催！","～ 全国から人気ラーメン店がつくばに集結！
豪華コラボラーメンや餃子も登場 ～",2026年03月14日 13:56
127,https://www.atpress.ne.jp/,旅行,https://www.atpress.ne.jp/news/578589,2026年03月13日 17:00,"岩下の新生姜×東武ワールドスクウェア コラボイベント
「世界がピンクに恋をする… ＃行きたすぎてしょーがない。」",この発行者のリリース,2026年03月14日 13:56
128,https://www.atpress.ne.jp/,旅行,https://www.atpress.ne.jp/news/578786,2026年03月13日 09:30,"春の味わいを老舗江戸そば店で味わう
「さくらそば御膳」4月12日までの期間限定で提供開始",この発行者のリリース,2026年03月14日 13:56
129,https://www.atpress.ne.jp/,旅行,https://www.atpress.ne.jp/news/578622,2026年03月13日 13:00,"mozo ワンダーシティ「根羽の木のパウンドケーキ」
配布イベント開催
― 食べることで、森とつながる mozo action ―",この発行者のリリース,2026年03月14日 13:56
130,https://www.atpress.ne.jp/,旅行,https://www.atpress.ne.jp/news/580144,2026年03月13日 12:00,"西日本最大級の刀剣展示即売会「大坂春の陣　刀座2026」
今年も開催！大阪城ホール城見ホールにて3月28日開幕",この発行者のリリース,2026年03月14日 13:56
131,https://www.atpress.ne.jp/,旅行,https://www.atpress.ne.jp/news/8578264,2026年03月12日 18:05,"POLYPHONY― 共鳴する四つの視点 ―
銀座アポロ昭和館YOHAKUにて若手作家4名によるグループ展開催",歌舞伎座の隣、東銀座駅横、地下の静かなギャラリーで、４人の表現の響きあいに心ふるえる3日間。,2026年03月14日 13:56
132,https://www.atpress.ne.jp/,旅行,https://www.atpress.ne.jp/news/3893682,2026年03月11日 18:02,【テレビ新広島】2026春の番組改編記者発表「TSS”第2章”はじまる」,平日朝と夕方の自社制作番組は新体制でリニューアル,2026年03月14日 13:56
133,https://www.atpress.ne.jp/,旅行,https://www.atpress.ne.jp/news/8335067,2026年03月12日 21:00,シンガーソングライターXAI（読み：サイ）新曲『春風』配信リリース・リリックビデオ公開 & 新アー写解禁！,XAI LIVE TOUR 2026 “Elemental” 公演概要,2026年03月14日 13:56
134,https://www.atpress.ne.jp/,旅行,https://www.atpress.ne.jp/news/578090,2026年03月10日 17:00,"湖北とサカナを楽しむ3日間
「さめがい探検マーケット2026」を醒井養鱒場にて
3月20日(金祝)から3月22日(日)まで開催！",旅行の新着,2026年03月14日 13:56
135,https://www.atpress.ne.jp/,旅行,https://www.atpress.ne.jp/news/6411041,2026年03月14日 11:27,"日本シェアモビリティシ市場：スマート交通とMaaS普及が後押し、2035年までに487億6,560万米ドル到達・CAGR2％の安定成長見通し 🚗📈",この発行者のリリース,2026年03月14日 13:56
136,https://www.atpress.ne.jp/,旅行,https://www.atpress.ne.jp/news/1130115,2026年03月14日 09:00,京都春休み企画 2026年3月26日～29日 西日本最大級のおいもフェス 京都おいも大作戦2026,この発行者のリリース,2026年03月14日 13:56
137,https://www.atpress.ne.jp/,旅行,https://www.atpress.ne.jp/news/8625385,2026年03月13日 19:00,"PCを水と衝撃から守る高機能バックパック
『EXTLEK 24L / 38L / 45L』を発売",CHROMEが贈る、新世代の高機能バックパック『EXTLEK』シリーズ登場,2026年03月14日 13:56
138,https://www.atpress.ne.jp/,旅行,https://www.atpress.ne.jp/news/8793655,2026年03月13日 16:33,福井嶺北初の水上アスレチック実現へ　鷹巣海水浴場の活性化に450万円のクラウドファンディングを開始,衰退する観光地の構造的課題に着目,2026年03月14日 13:56
139,https://www.atpress.ne.jp/,旅行,https://www.atpress.ne.jp/news/580302,2026年03月13日 16:30,"若者の社会・まちづくりへの参画を推進する
「まちだ若者大作戦」3年間の取り組みの集大成　
「Music at 町田薬師池公園四季彩の杜西園(MUSICA)」開催
2026年3月29日(日)、町田市 町田薬師池公園四季彩の杜西園","まちだ若者大大大作戦～WAKUWAKU～第3弾「Beginning!」として、
過去実現作戦プランの再度実現、若者と町田市各課による協働ブース出店も併催",2026年03月14日 13:56
140,https://www.atpress.ne.jp/,旅行,https://www.atpress.ne.jp/news/7559372,2026年03月13日 16:00,"国内外の数々のデザイン賞で評価された
淡路島のハイグレードなリゾート施設 「THE GOAT AWAJI」
が4月30日までのルームオンリープランを謝恩価格で発売！",国内外のデザイン賞に相次いで選出された空間,2026年03月14日 13:56
141,https://www.atpress.ne.jp/,旅行,https://www.atpress.ne.jp/news/1250059,2026年03月13日 16:00,"兵庫県立淡路島公園アニメパーク「ニジゲンノモリ」
東海エリア最大級の旅行イベント 
「TRAVEL LAND 2026」初出店決定！","人気コンテンツグッズ販売＆ふくびき所登場
 さらに、うずまきナルトとのじゃんけん大会も開催！",2026年03月14日 13:56
142,https://www.atpress.ne.jp/,旅行,https://www.atpress.ne.jp/news/3471443,2026年03月13日 16:00,"【ヒルトン東京ベイ】illyコーヒーの香り、カスタムサンド、そしてこだわりのラーメン。
旅のあらゆるシーンをわくわくで満たすカフェ「bean by the bay」3/18オープン",～テイクアウトやルームデリバリーなど、滞在スタイルに合わせた食体験を提案～,2026年03月14日 13:56
143,https://www.atpress.ne.jp/,旅行,https://www.atpress.ne.jp/news/1685289,2026年03月13日 16:00,「13000系デビュー記念入場券セット」を発売【相模鉄道】,この発行者のリリース,2026年03月14日 13:56
144,https://www.atpress.ne.jp/,旅行,https://www.atpress.ne.jp/news/1965581,2026年03月13日 15:00,"ヘンダーランドファン必見！
「ニジゲンノモリでよみがえる！ヘンダーランドの大冒険！」",3月20日(金・祝)から開催！,2026年03月14日 13:56
145,https://www.atpress.ne.jp/,旅行,https://www.atpress.ne.jp/news/8878294,2026年03月13日 15:00,2026年3月20日(金)「エピカ・沖縄」にて、RAPSTAR 2025で審査を勝ち抜いたファイナリスト『sh1t』が1stアルバムリリースツアーとしてDJ DANBOプロデュースの『DRIP』に出演決定！女性完全入場無料でご招待！,この発行者のリリース,2026年03月14日 13:56
146,https://www.atpress.ne.jp/,旅行,https://www.atpress.ne.jp/news/580319,2026年03月13日 14:00,「ミッドナイトひのとり」ツアー（朝食付き）を実施,ー特急「ひのとり」を夜行列車として運行しますー,2026年03月14日 13:56
147,https://www.atpress.ne.jp/,旅行,https://www.atpress.ne.jp/news/2766092,2026年03月13日 14:00,近大附属高校と日新高校の生徒が近鉄沿線や周辺地域の魅力や産業を調査　調査ポスターを駅や市役所に展示,この発行者のリリース,2026年03月14日 13:56
148,https://www.atpress.ne.jp/,旅行,https://www.atpress.ne.jp/news/3320043,2026年03月13日 14:00,モダン蕎麦割烹「Oh-SOBAR」桜満開の淡路島旬食材 淡路島の春を愛でる『桜香る淡路島会席』 4月1日より提供,この発行者のリリース,2026年03月14日 13:56
149,https://www.atpress.ne.jp/,旅行,https://www.atpress.ne.jp/news/579994,2026年03月13日 14:00,"伊豆・村の駅で3/16より春の「桜えび食フェス」開催　
駿河湾の桜えびがたっぷりの限定メニューも6品登場　
初代！桜えび姫グランプリを決めるイベントも開催！","桜舞う季節！今が旬の駿河湾桜えびを楽しむピンクイベント！
桜えび愛を伝えて伊豆・村の駅桜えびアンバサダーになろう",2026年03月14日 13:56
150,https://www.atpress.ne.jp/,旅行,https://www.atpress.ne.jp/news/579995,2026年03月13日 12:45,"春の熱海旅でわくわくチャレンジ！
3月の伊豆・村の駅ラスカ熱海店にて伊豆の旬が
ぎゅっと詰まった週末イベントを開催！！",この発行者のリリース,2026年03月14日 13:56
151,https://www.atpress.ne.jp/,旅行,https://www.atpress.ne.jp/news/2765760,2026年03月13日 12:00,"大人気ダークファンタジーの世界が淡路島に！オープンまで、あと1日！
TVアニメ『進撃の巨人』×ニジゲンノモリ コラボイベント",2026年3月14日（土）～12月13日（日）開催,2026年03月14日 13:56
152,https://www.atpress.ne.jp/,旅行,https://www.atpress.ne.jp/news/579976,2026年03月13日 11:30,"京都駅から地下鉄1駅、五条に2連棟の京町家宿を2/28開業　
京都中心部の利便性と落ち着いた滞在を両立する町家宿",この発行者のリリース,2026年03月14日 13:56
153,https://www.atpress.ne.jp/,旅行,https://www.atpress.ne.jp/news/2996193,2026年03月13日 11:15,舞台『THE VILLAINS～ダークフェルの悪夢～ Nightmare Remix』開幕！悪役と名探偵たちの夢の競演がさらに進化,ストーリー,2026年03月14日 13:56
154,https://www.atpress.ne.jp/,旅行,https://www.atpress.ne.jp/news/2935937,2026年03月13日 11:00,"ホテル京阪 京都八条口「京阪電車×響け！ユーフォニアム2026 春」連携企画
コラボカフェをホテル京阪 京都八条口にて初開催！",－2026年3月16日（月）～6月30日（火）の期間限定－,2026年03月14日 13:56
155,https://www.atpress.ne.jp/,旅行,https://www.atpress.ne.jp/news/6952613,2026年03月13日 10:30,【清水公園】さくらまつり2026開催のお知らせ,今年は体験イベントが盛りだくさん！3/14～4/5まで開催,2026年03月14日 13:56
156,https://www.atpress.ne.jp/,旅行,https://www.atpress.ne.jp/news/7434074,2026年03月13日 10:00,群馬県千代田町に新たな「食」と「防災」の拠点『赤岩ベース』が2026年4月3日にグランドオープン！,『赤岩ベース』とは,2026年03月14日 13:56
157,https://www.atpress.ne.jp/,旅行,https://www.atpress.ne.jp/news/5771985,2026年03月13日 09:15,耳をふさがない新発想。耳に“挟むだけ”の集音器  高齢者の聞こえをもっと自然に。軽やかな装着感を実現したイヤーカフ型集音器を発売,補聴器の新トレンド？イヤーカフ型集音器が登場   長時間でも疲れにくい、耳をふさがない集音器,2026年03月14日 13:56
158,https://www.atpress.ne.jp/,旅行,https://www.atpress.ne.jp/news/3687270,2026年03月12日 18:00,エアトリプラス（国内航空券＋ホテル）において、エアトリグループ旅行ブランド「ニーズツアー」専用ホテルプランと在庫連携し、販売開始!!,～30年以上の歴史を誇る仕入れノウハウと施設との関係性を生かし、更なる価格優位性の向上と独自性のある商品拡充を目指す～,2026年03月14日 13:56
159,https://www.atpress.ne.jp/,旅行,https://www.atpress.ne.jp/news/4032544,2026年03月12日 17:00,Pelican Products、CP+2026で井上浩輝氏・上田晃司氏監修カスタムケースを展示,新トラベルシリーズも展示、プロクリエイター登壇トークもあり、連日盛況,2026年03月14日 13:56
160,https://www.atpress.ne.jp/,旅行,https://www.atpress.ne.jp/news/4143303,2026年03月12日 16:40,薄型でフラットな形状のブラシ付き小型ブロアー「スリムフラットブロアー」4色が新発売！,レンズやカメラ、パソコン周辺機器などのクリーニングに！,2026年03月14日 13:56
161,https://www.atpress.ne.jp/,旅行,https://www.atpress.ne.jp/news/8426271,2026年03月12日 16:00,"全13種のオリジナルグッズを公開！さらに本日3月12日(木)より一部グッズの事前販売もスタート
リアル脱出ゲーム「全国夜の遊園地」シリーズ最新作『夜の魔法学校からの脱出』",東京 よみうりランドにて4月10日(金)よりイベントスタート,2026年03月14日 13:56
162,https://www.atpress.ne.jp/,旅行,https://www.atpress.ne.jp/news/2649547,2026年03月12日 15:30,【観光列車「etSETOra」福山駅延伸１周年記念】乗車いただいたお客様に“ばら”をモチーフにした記念ノベルティを配布します,配布期間,2026年03月14日 13:56
163,https://www.atpress.ne.jp/,旅行,https://www.atpress.ne.jp/news/4578269,2026年03月12日 15:00,小学生・中学生・高校生のための「2026年夏休みグループツアー」選べる29コース申込受付開始！,出発空港から帰国まで添乗員同行のため、初めての留学でも安心・安全,2026年03月14日 13:56
164,https://www.atpress.ne.jp/,旅行,https://www.atpress.ne.jp/news/4292834,2026年03月12日 14:27,＜事前案内＞「第26回　北区さくらSA-KASOまつり」開催,江戸庶民の飛鳥山花見文化が現代に復活！,2026年03月14日 13:56
165,https://www.atpress.ne.jp/,旅行,https://www.atpress.ne.jp/news/1817679,2026年03月12日 14:15,"【ばらのまち福山】あなたの1票で新しい""ばら""の愛称が決まる！世界バラ会議大会記念ばら・福山市長賞受賞ばらの愛称の一般投票受付中",投票は3月23日（月曜日）まで,2026年03月14日 13:56
166,https://www.atpress.ne.jp/,旅行,https://www.atpress.ne.jp/news/4439297,2026年03月12日 14:00,"～京阪グループ共同企画　京都の深層に触れる「プレミアムバスツアー」2種を発売～
◆屋根のない特等席で巡る、春の比叡山！
◆禅宗二大名刹をめぐる！僧侶が導く至高の特別体験‼",この発行者のリリース,2026年03月14日 13:56
167,https://www.atpress.ne.jp/,旅行,https://www.atpress.ne.jp/news/2335758,2026年03月12日 14:00,浜離宮恩賜庭園「一般開園80周年記念事業」第一弾,3.その他,2026年03月14日 13:56
168,https://www.atpress.ne.jp/,旅行,https://www.atpress.ne.jp/news/4307537,2026年03月12日 14:00,2026ウォークイベント「奈文研研究員と歩く平城宮跡」を開催します！,奈文研研究員の解説とともに平城宮跡を見て歩きます。美しい桜など春の平城宮跡をお楽しみください。,2026年03月14日 13:56
169,https://www.atpress.ne.jp/,旅行,https://www.atpress.ne.jp/news/3998530,2026年03月12日 13:30,2026年3月21日(土)DJ DANBOプロデュース『THE WAVE』「エピカ・沖縄」にて開催決定！,この発行者のリリース,2026年03月14日 13:56
170,https://www.atpress.ne.jp/,旅行,https://www.atpress.ne.jp/news/577661,2026年03月12日 13:00,"都心から約90分の秘境！
千葉・養老渓谷温泉郷の最新スポット＆グルメをご紹介",旅行の新着,2026年03月14日 13:56
171,https://www.atpress.ne.jp/,旅行,https://www.atpress.ne.jp/news/8907360,2026年03月12日 13:00,【エアトリ調べ】推し活遠征の実態調査「交通・宿泊費」を抑えて浮いたお金の使い道1位はグッズより「ご当地グルメ」！,～交通・宿泊の個別手配、7割が実施もコスト面に懸念の声～,2026年03月14日 13:56
172,https://www.atpress.ne.jp/,旅行,https://www.atpress.ne.jp/news/9257528,2026年03月12日 13:00,大阪北港マリーナ、「春休み親子マリン体験会」を3月27日（金）より開催！,初心者大歓迎！最新アクティビティ体験とレストラン特典で、身近な海を最高の遊び場に,2026年03月14日 13:56
173,https://www.atpress.ne.jp/,旅行,https://www.atpress.ne.jp/news/5348350,2026年03月12日 12:00,全国90超の蔵元が集う日本のお酒の専門店「sakejump takanawa」2026年3月28日（土） NEWoMan TAKANAWA MIMUREにグランドオープン！,この発行者のリリース,2026年03月14日 13:56
174,https://www.atpress.ne.jp/,旅行,https://www.atpress.ne.jp/news/1842275,2026年03月12日 11:30,明石公園の桜シーズン限定、総料理長監修「TTT花見弁当」3月21日より販売開始,桜スイーツ＆ドリンクも登場、春の季節限定メニュー,2026年03月14日 13:56
175,https://www.atpress.ne.jp/,旅行,https://www.atpress.ne.jp/news/1895565,2026年03月12日 11:30,【2026年3月20日】横浜ワールドポーターズで『恐竜エアコスイベント』を開催,横浜ワールドポーターズ（神奈川県）にて、MELOSスポーツの体験型プログラム『≪3月特別企画‼︎≫ティラノサウルスのエアコスでとれとれお肉＆プチレース』を実施いたします,2026年03月14日 13:56
176,https://www.atpress.ne.jp/,旅行,https://www.atpress.ne.jp/news/9441105,2026年03月12日 11:00,"新コンセプトワイン
『COLLEKARAコレカラ』シリーズ #3発売のお知らせ",～栽培と醸造、両方の造り手の「チャレンジと好奇心」が詰まったワイン第3弾～,2026年03月14日 13:56
177,https://www.atpress.ne.jp/,旅行,https://www.atpress.ne.jp/news/9938865,2026年03月12日 11:00,血管は静かに老いていく…動脈硬化の進行を知ろう,3月の週末検診　５分でわかる「血管年齢」,2026年03月14日 13:56
178,https://www.atpress.ne.jp/,旅行,https://www.atpress.ne.jp/news/5552525,2026年03月12日 11:00,2026年3月19日(木)「エピカ・沖縄」にて、ラップスタア誕生2021の優勝者・eydenを擁する千葉拠点のヒップホップクルー・『98jams』を迎えCLUB TOURが開催決定！女性完全入場無料でご招待！,この発行者のリリース,2026年03月14日 13:56
179,https://www.atpress.ne.jp/,旅行,https://www.atpress.ne.jp/news/579614,2026年03月12日 10:15,"『歎異抄』から学ぶ『なぜ生きる』4月19日(日)
京都・みやこめっせで「歎異抄大学」を開催",～映画版で蓮如上人を演じた俳優・里見浩太朗氏が特別ゲストとして登壇～,2026年03月14日 13:56
180,https://www.atpress.ne.jp/,旅行,https://www.atpress.ne.jp/news/6784645,2026年03月12日 10:00,50周年を迎える浜田省吾の楽曲と匠の花火がシンクロ、夏の夜空を1万4000発が彩る一夜限りの最新型・花火エンタテインメント開催決定！,この発行者のリリース,2026年03月14日 13:56
181,https://www.atpress.ne.jp/,旅行,https://www.atpress.ne.jp/news/2744976,2026年03月12日 10:00,健康寿命延伸に向けた生活習慣病予防講座開催,うめきた温泉 蓮 Wellbeing Parkで学ぶ人生100年時代の健康管理,2026年03月14日 13:56
182,https://www.atpress.ne.jp/,旅行,https://www.atpress.ne.jp/news/579501,2026年03月12日 09:30,"キモノの未来をひらく、大阪発のカジュアルキモノイベント
「春の大大阪キモノめーかんえぽっく2026」開催",全国66ブランドが出展、ワークショップやトークショーも開催,2026年03月14日 13:56
183,https://www.atpress.ne.jp/,旅行,https://www.atpress.ne.jp/news/579060,2026年03月12日 09:30,"深作農園が茨城県の農業法人として初の快挙　
健康経営優良法人認定を受賞",記念して春のいちごキャンペーンを実施,2026年03月14日 13:56
184,https://www.atpress.ne.jp/,旅行,https://www.atpress.ne.jp/news/4833297,2026年03月11日 16:30,【航空券】IBEXタイムセールのお知らせ,旅行の新着,2026年03月14日 13:56
185,https://www.atpress.ne.jp/,旅行,https://www.atpress.ne.jp/news/578992,2026年03月11日 15:00,春季特別展「古代黄金の物語」を3月14日より開催,所蔵の黄金作品および国内有数のコレクションから紀元前の名品を展示,2026年03月14日 13:56
186,https://www.atpress.ne.jp/,旅行,https://www.atpress.ne.jp/news/579066,2026年03月11日 14:00,『伊賀線まつり２０２６』開催します！,この発行者のリリース,2026年03月14日 13:56
187,https://www.atpress.ne.jp/,旅行,https://www.atpress.ne.jp/news/3470798,2026年03月11日 14:00,全国巡回POP UP STORE開催——第1弾は博多阪急にて開催：メディカルアパレルブランド「クラシコ」,博多駅直結の博多阪急 8階 ステージ8にて、2026年3月18日(水)から3月31日(火)までの期間限定開催,2026年03月14日 13:56
188,https://www.atpress.ne.jp/,旅行,https://www.atpress.ne.jp/news/3787080,2026年03月11日 14:00,総合社会学部の村松ゼミが奈良・黒谷公園の「価値化」に挑戦　地域住民と公園内に足型を描く「フトプリイベント」を開催,この発行者のリリース,2026年03月14日 13:56
189,https://www.atpress.ne.jp/,旅行,https://www.atpress.ne.jp/news/5898080,2026年03月11日 13:00,"大正健康ナビ、3/11新着情報
おならを我慢するとどうなる？「おなら」を公開！",■我慢した「おなら」の成分は、口臭や体臭の原因に,2026年03月14日 13:56
190,https://www.atpress.ne.jp/,旅行,https://www.atpress.ne.jp/news/7619039,2026年03月11日 11:30,大人気シニアブロガー最新刊『60代から 夢をかなえる ひとり旅』3月22日発売！,10万部ベストセラー『58歳から日々を大切に小さく暮らす』の著者最新刊！老後生活の新しい楽しみ「ひとり旅」の魅力について！,2026年03月14日 13:56
191,https://www.atpress.ne.jp/,旅行,https://www.atpress.ne.jp/news/579179,2026年03月11日 10:45,"ササキ工芸と柏木工が3/13より
東京・青山にて合同展示販売イベント開催","国内市場縮小の中、海外展開へ飛騨高山と旭川の
木工メーカーが日本の木工文化を世界に発信",2026年03月14日 13:56
192,https://www.atpress.ne.jp/,旅行,https://www.atpress.ne.jp/news/579082,2026年03月11日 10:30,"3月6日(金)グランドオープン　
巨大室内遊園地「キッズランドUS MAX 東大阪店」
園内には40種類上の楽しい遊具が大充実",この発行者のリリース,2026年03月14日 13:56
193,https://www.atpress.ne.jp/,旅行,https://www.atpress.ne.jp/news/3753006,2026年03月11日 10:30,JR博多駅に新店『鮨と惣菜 アキラ水産』3/17（火）グランドオープン！福岡を代表する鮮魚仲卸会社「アキラ水産」が手がける“本気の寿司と惣菜”をお見逃しなく。,JR博多駅構内１Fの博多エキナカマイング、スーパーや惣菜店舗が集まる食品ゾーンに新店『鮨と惣菜 アキラ水産』がオープンします。,2026年03月14日 13:56
194,https://www.atpress.ne.jp/,旅行,https://www.atpress.ne.jp/news/9837444,2026年03月11日 10:00,春旅行におすすめ！ Oooh（ウー）、“青の絶景”が広がる国 ウズベキスタンの新規モデルプランを公開。,写真映えする風景に、意外と身近なラグジュアリー滞在。今こそウズベキスタン旅行をおすすめしたい4つの理由。,2026年03月14日 13:56
195,https://www.atpress.ne.jp/,旅行,https://www.atpress.ne.jp/news/5074746,2026年03月11日 09:00,"目標金額900％突破！実用新案取得、靴職人が開発した
「防水透湿足袋ソックス」がMakuakeで先行販売","耐水圧27,000mmH₂Oの防水性と透湿性を両立。
独自3層構造×3D立体成型により、雨の日の通勤やアウトドア、旅行など幅広いシーンで快適な足元環境をサポートする全天候型ソックスです。",2026年03月14日 13:56
196,https://www.atpress.ne.jp/,旅行,https://www.atpress.ne.jp/news/5012675,2026年03月10日 17:00,「13代目そうにゃんトレイン」の運転を開始【相模鉄道】,,2026年03月14日 13:56
197,https://www.atpress.ne.jp/,旅行,https://www.atpress.ne.jp/news/578911,2026年03月10日 17:00,"YOKOSUKA軍港めぐり×うずしおクルーズ共同企画始動！
「東西Wクルーズプレゼントキャンペーン」を3/20(金)より開催",～ 鉄の艦船と世界最大級の渦潮。海の上で、一生モノの非日常を ～,2026年03月14日 13:56
198,https://www.atpress.ne.jp/,旅行,https://www.atpress.ne.jp/news/8853314,2026年03月10日 17:00,春だ、苺だ、淡路島だ！苺の季節がやってくる　海の舎『春を纏う苺のズコットケーキ』3月14日より提供開始,この発行者のリリース,2026年03月14日 13:56
199,https://www.atpress.ne.jp/,旅行,https://www.atpress.ne.jp/news/578932,2026年03月10日 15:45,"せいこかに、信州牛、白えびなど
5県のグルメ・工芸品が89店舗集結！
「北陸・信越展」3月17日(火)から開催",東武百貨店 池袋本店 8階催事場,2026年03月14日 13:56
200,https://www.atpress.ne.jp/,旅行,https://www.atpress.ne.jp/news/575698,2026年03月10日 15:00,"～綱引き・パレード・グルメストリートなど、
コンテンツ盛りだくさん～
みなとみらい21 さくらフェスタ2026",2026年3月21日(土)～3月29日(日) 詳細決定！,2026年03月14日 13:56
201,https://www.atpress.ne.jp/,旅行,https://www.atpress.ne.jp/news/9571128,2026年03月10日 14:00,"BALLISTIK BOYZ 奥田力也とジオラマ体験！
「シャイニングタイム-週末 大人の趣味時間-」
3月12日（木）夕方6時30分～ BS12 トゥエルビで全国無料放送",1．「シャイニングタイム-週末 大人の趣味時間-」概要,2026年03月14日 13:56
202,https://www.atpress.ne.jp/,旅行,https://www.atpress.ne.jp/news/9723465,2026年03月10日 12:45,【岡山理科大学専門学校】校内にプチ水族館・動物園がズラリ！実習動物たちの「いきもの発見ラボ」で展示・体験も,14日(土)に内見会、28日(土)にグランドオープン！,2026年03月14日 13:56
203,https://www.atpress.ne.jp/,旅行,https://www.atpress.ne.jp/news/7852062,2026年03月10日 12:00,【期間限定】ぽるぽる＆onちゃんコラボ！　HTBグッズショップが広島に登場｜広島ホームテレビ,2026年3月19日（木）～3月30日（月）「広島T-SITE」,2026年03月14日 13:56
204,https://www.atpress.ne.jp/,旅行,https://www.atpress.ne.jp/news/578807,2026年03月10日 12:00,"初出店を含む全17店舗が決定！
いちごの祭典、いよいよ全容公開　
OSAKA Strawberry Festival 2026　
関西テレビ扇町スクエアで3月13日(金)より10日間開催",この発行者のリリース,2026年03月14日 13:56
205,https://www.atpress.ne.jp/,旅行,https://www.atpress.ne.jp/news/1894063,2026年03月10日 12:00,【新製品】キャンプ飯に、新しい選択肢。PowerArQから省電力の調理ポットが登場,消費電力500W以下、コヨーテタンのおしゃれデザイン。3月10日発売,2026年03月14日 13:56
206,https://www.atpress.ne.jp/,旅行,https://www.atpress.ne.jp/news/6675532,2026年03月10日 11:30,三豊市 父母ヶ浜にて街の挑戦者を可視化し、地域で応援できる店舗型クラウドファンディングを開始,クラウドファンディング概要,2026年03月14日 13:56
207,https://www.atpress.ne.jp/,旅行,https://www.atpress.ne.jp/news/578777,2026年03月10日 11:15,"富山県と長野県を結ぶ「立山黒部アルペンルート」、
55周年の感謝と未来への継承を込めたキービジュアルを公開！",この発行者のリリース,2026年03月14日 13:56
208,https://www.atpress.ne.jp/,旅行,https://www.atpress.ne.jp/news/5896104,2026年03月10日 11:01,"【長崎・地域連携】規格外の希少かんきつを活用した
「ながさきジェラート」を本格展開","JA長崎県中央会と連携し、「規格外品」の商品化で農家を支える
〜「津之輝」「はるか」を使用したジェラートをJAタウンを通じ全国販売を開始〜",2026年03月14日 13:56
209,https://www.atpress.ne.jp/,旅行,https://www.atpress.ne.jp/news/577843,2026年03月10日 11:00,"宿泊施設向け旅行会社・予約サイト一元管理システム
「らく通with」が海外チャンネルプロバイダー
「Horizon Distribution(Shiji)」と連携開始",旅行の新着,2026年03月14日 13:56
210,https://www.atpress.ne.jp/,旅行,https://www.atpress.ne.jp/news/578926,2026年03月10日 11:00,"国内最大級の室内遊園地「ファンタジーキッズリゾート」
春休み限定“紹介すると大人1名無料”キャンペーン　
『春のなかよし割』を3月14日(土)より全国10店舗で開催",この発行者のリリース,2026年03月14日 13:56
211,https://www.atpress.ne.jp/,旅行,https://www.atpress.ne.jp/news/578689,2026年03月10日 11:00,"「春の動物お花見フェス開催！」　
次世代都市型ふれあい動物園「Animeal(アニミル)」にて
季節限定の体験型イベントを実施します！",この発行者のリリース,2026年03月14日 13:56
212,https://www.atpress.ne.jp/,グルメ,https://www.atpress.ne.jp/news/579040,2026年03月12日 13:00,"モスバーガー×あじげん、
コラボ第1弾を更に美味しくリニューアル！
『モスバーガーポテト(テリヤキバーガーコク旨味)』
3月25日(水)全国発売！",3月18日(水)～全国のモスバーガー店舗にて先行販売決定！,2026年03月14日 13:56
213,https://www.atpress.ne.jp/,グルメ,https://www.atpress.ne.jp/news/578414,2026年03月10日 11:45,"香川県初出店！「ラーメン山岡家高松中央インター店」
4月3日(金)11時オープン！オープン記念企画も実施",この発行者のリリース,2026年03月14日 13:56
214,https://www.atpress.ne.jp/,グルメ,https://www.atpress.ne.jp/news/578204,2026年03月11日 10:00,"【小山市内初】ゴンチャ3/18(水)、WEGO4/17(金)オープン　
おやまゆうえんハーヴェストウォーク、春のNEW SHOP第1弾",この発行者のリリース,2026年03月14日 13:56
215,https://www.atpress.ne.jp/,グルメ,https://www.atpress.ne.jp/news/578974,2026年03月10日 14:00,"2026年4月8日(水)「北海道どさんこプラザ」が、
福岡三越 地下2階食品フロア内に、グランドオープン！",この発行者のリリース,2026年03月14日 13:56
216,https://www.atpress.ne.jp/,グルメ,https://www.atpress.ne.jp/news/577438,2026年03月09日 10:00,"アトレ取手　茨城県内の酒蔵が集結！10周年を迎える日本酒まつり
『SAKE MEETING 2026春～10周年乾杯の宴～』を
4/11(土)に開催！",この発行者のリリース,2026年03月14日 13:56
217,https://www.atpress.ne.jp/,グルメ,https://www.atpress.ne.jp/news/577762,2026年03月13日 14:00,"無糖・無果汁「フレーバーウォーター おもてなしの香る水」、
6種のオリジナルフレーバーで本日3月13日、
接客現場の新定番として登場",～そのまま提供可能で時短・簡便化を実現、接客シーンに“特別感”を添える一杯～,2026年03月14日 13:56
218,https://www.atpress.ne.jp/,グルメ,https://www.atpress.ne.jp/news/1515778,2026年03月13日 13:00,"今話題のハローキティの“ぷっくりシール”が淡路島に登場！
「HELLO KITTY SMILE」限定 新作グッズ3月14日より発売！",この発行者のリリース,2026年03月14日 13:56
219,https://www.atpress.ne.jp/,グルメ,https://www.atpress.ne.jp/news/5914928,2026年03月13日 10:00,プライベートブランド｢BIO-RAL｣を全国へお届け！3月6日から｢ライフのオンラインストア｣で人気商品の販売をスタート！,～大切な方へのギフトや人気商品のまとめ買いにおすすめ～,2026年03月14日 13:56
220,https://www.atpress.ne.jp/,グルメ,https://www.atpress.ne.jp/news/578082,2026年03月09日 12:00,"“鎌倉で楽しむ体験型ランチ”「馳走かねこ」にて
子供から大人まで楽しめる、自分で巻く
『彩り手巻き寿司コース』を再開！",この発行者のリリース,2026年03月14日 13:56
221,https://www.atpress.ne.jp/,グルメ,https://www.atpress.ne.jp/news/579617,2026年03月12日 15:00,"もっと使いやすく、もっと便利に
「AEON Pay」アプリ提供開始！
～これまでの「イオンウォレット」は「AEON Pay」へ～",ビジネスの新着,2026年03月14日 13:56
222,https://www.atpress.ne.jp/,グルメ,https://www.atpress.ne.jp/news/577477,2026年03月06日 10:00,"『クレヨンしんちゃん』に登場するお菓子
「チョコビ」が発売から20周年！",～総出荷数は3億個を突破！積み上げた距離はなんと地球1周分！～,2026年03月14日 13:56
223,https://www.atpress.ne.jp/,グルメ,https://www.atpress.ne.jp/news/3842289,2026年03月12日 12:00,にじさんじ『Oriens』× HUB　コラボレーション企画決定,『Oriens』メンバーをイメージしたドリンク・フードメニューや、 新規撮り下ろしビジュアルを使用した等身パネルの展示、 オリジナルグッズを販売いたします。,2026年03月14日 13:56
224,https://www.atpress.ne.jp/,グルメ,https://www.atpress.ne.jp/news/3282892,2026年03月14日 12:18,日本パウチ包装市場は、2035年までに39.1億米ドル規模へ拡大、CAGR5.87%で成長する次世代フレキシブル包装ソリューション市場の展望,この発行者のリリース,2026年03月14日 13:56
225,https://www.atpress.ne.jp/,グルメ,https://www.atpress.ne.jp/news/3010067,2026年03月14日 11:30,食の好みで出会う💖お料理婚活パーティー「オリジナルスパイスカレー」づくりを三重県津市で開催！,女性におすすめ💛食の好みで出逢うオリジナル「スパイスカレー」づくりについて,2026年03月14日 13:56
226,https://www.atpress.ne.jp/,グルメ,https://www.atpress.ne.jp/news/7845080,2026年03月14日 10:00,【2026年3月版】ふるさと納税でもらえる『オリーブオイル』の還元率ランキングを発表,ふるさと納税還元率比較サイト【とくさと】,2026年03月14日 13:56
227,https://www.atpress.ne.jp/,グルメ,https://www.atpress.ne.jp/news/1647058,2026年03月14日 08:00,【2026年3月版】ふるさと納税でもらえる『ローストビーフ』の還元率ランキングを発表,ふるさと納税還元率比較サイト【とくさと】,2026年03月14日 13:56
228,https://www.atpress.ne.jp/,グルメ,https://www.atpress.ne.jp/news/580005,2026年03月13日 15:30,"14万部突破のベストセラー作家「うい」を含む
中学生3人が「マンゴーシェイク」「コーヒー」を
3月25・26日に東岡崎駅で出店",～子どもたちが「やってみたい！」をカタチにする起業家教育の取り組みです～,2026年03月14日 13:56
229,https://www.atpress.ne.jp/,グルメ,https://www.atpress.ne.jp/news/572333,2026年03月13日 15:00,"祝・サービス開始5周年！
ゲーム『ウマ娘 プリティーダービー』のまんまる焼き第3弾が登場　
オリジナルシールは全12種類",～全国のファミリーマート店舗にて3月17日(火)より展開～,2026年03月14日 13:56
230,https://www.atpress.ne.jp/,グルメ,https://www.atpress.ne.jp/news/5320210,2026年03月13日 15:00,「あつめて、兵庫。」の商品レビュー投稿で390円クーポン進呈あなたのレビューが、兵庫のおいしさと生産者を応援する力に,――　生産者さんとあなたにサンキューが届く！　――,2026年03月14日 13:56
231,https://www.atpress.ne.jp/,グルメ,https://www.atpress.ne.jp/news/8251079,2026年03月13日 15:00,～みのるダイニングフェザン盛岡店 開業９周年記念～感謝の気持ちを込めて人気メニューを３月１４日（土）から数量限定特別価格で提供！,この発行者のリリース,2026年03月14日 13:56
232,https://www.atpress.ne.jp/,グルメ,https://www.atpress.ne.jp/news/577265,2026年03月13日 14:00,"「ちょいたし たんぱく新習慣」をご提案！
いつもの料理にたすだけで大豆由来たんぱく質が手軽に摂れる
『サクサクたんぱく』『ごはんでたんぱく』
3月23日(月)より全国発売！",この発行者のリリース,2026年03月14日 13:56
233,https://www.atpress.ne.jp/,グルメ,https://www.atpress.ne.jp/news/1652464,2026年03月13日 13:00,【2026年3月版】ふるさと納税でもらえる『牛肉』の還元率ランキングを発表,ふるさと納税還元率比較サイト【とくさと】,2026年03月14日 13:56
234,https://www.atpress.ne.jp/,グルメ,https://www.atpress.ne.jp/news/574695,2026年03月13日 12:00,"氷なしで約5時間適温を保つ断熱二重壁ステンレス製ワインクーラー　
IPUJAN Wine Chiller Bucketが
「Amazon 新生活セール Final」に最大30％OFFの特別価格で参加",この発行者のリリース,2026年03月14日 13:56
235,https://www.atpress.ne.jp/,グルメ,https://www.atpress.ne.jp/news/1308131,2026年03月13日 11:00,世界初！カマンベールチーズ熟成中の“味”変化を可視化,日本農芸化学会 2026年度大会にて発表,2026年03月14日 13:56
236,https://www.atpress.ne.jp/,グルメ,https://www.atpress.ne.jp/news/3969357,2026年03月13日 10:00,世界の紙コップ市場、2031年に147億米ドル規模へ拡大予測―CAGR 4.4%が示す持続成長の展望,この発行者のリリース,2026年03月14日 13:56
237,https://www.atpress.ne.jp/,グルメ,https://www.atpress.ne.jp/news/6054115,2026年03月13日 09:30,2026年3月22日（日）「第11回しろさとTT200」 電解質ドリンク「Precision Fuel & Hydration」出展のお知らせ,【Precision Fuel & Hydrationブース出展情報】,2026年03月14日 13:56
238,https://www.atpress.ne.jp/,グルメ,https://www.atpress.ne.jp/news/7653640,2026年03月13日 08:00,【名城大学】名古屋ウィメンズマラソン前日にJTBと本学のコラボイベント「発酵 de ととのうプラン」を開催,この発行者のリリース,2026年03月14日 13:56
239,https://www.atpress.ne.jp/,グルメ,https://www.atpress.ne.jp/news/579894,2026年03月12日 16:30,高雄産農産物、日本市場で販路拡大,"高級スーパーから人気とんかつチェーンまで展開、
FOODEX JAPAN 2026で存在感示す",2026年03月14日 13:56
240,https://www.atpress.ne.jp/,グルメ,https://www.atpress.ne.jp/news/8119246,2026年03月12日 16:00,"～みのるダイニングさんすて岡山 開業６周年記念～
岡山県産食材をふんだんに使用した特別メニューをご提供",３月１３日（金）～３月３１日（火）に実施,2026年03月14日 13:56
241,https://www.atpress.ne.jp/,グルメ,https://www.atpress.ne.jp/news/9318379,2026年03月12日 15:30,銀座三越みのりみのるマルシェ「佐野の実り」を３月２１日（土）に開催,いちご王国・栃木県の南西部に位置する佐野市から旬のイチゴ３種類とこだわり栽培のトマトをお届け！,2026年03月14日 13:56
242,https://www.atpress.ne.jp/,グルメ,https://www.atpress.ne.jp/news/579776,2026年03月12日 15:00,"ごぼう茶のあじかん、1食で1日分の食物繊維の1/2がとれる　
具沢山の食べるスープ「RESET SOUP」をMakuakeで先行販売開始","食物繊維の摂取不足が続く中、「飲む」から「食べる」へ　
国産ごぼうの具沢山スープ全5種を開発",2026年03月14日 13:56
243,https://www.atpress.ne.jp/,グルメ,https://www.atpress.ne.jp/news/7199450,2026年03月12日 15:00,"エシレ・メゾン デュ ブール <東京・丸の内＞
エシレが贈るフランス流エイプリルフール
「ポワソン・ダヴリル」4月1日（水）1日限りの販売",バタークリームのうろこが美しい、遊び心あふれる魚型パイ,2026年03月14日 13:56
244,https://www.atpress.ne.jp/,グルメ,https://www.atpress.ne.jp/news/580019,2026年03月12日 14:45,"阪神甲子園球場 2026「監督・選手コラボグルメ」
藤川監督と選手22名がプロデュース！
新メニューを加え4月7日（火）販売開始！",～さらに、一部売店を「阪神タイガース」イメージ装飾にリニューアル～,2026年03月14日 13:56
245,https://www.atpress.ne.jp/,グルメ,https://www.atpress.ne.jp/news/579592,2026年03月12日 14:30,"タニタ調べ　
料理を教えてもらいたいと思う有名人　
1位「平野レミさん」
2位「リュウジさん」3位「タサン志麻さん」",おうち料理に関する意識・実態調査2026,2026年03月14日 13:56
246,https://www.atpress.ne.jp/,グルメ,https://www.atpress.ne.jp/news/6416092,2026年03月12日 14:00,学生経営のラーメン店「KINDAI Ramen Venture 近大をすすらんか。」　五代目店舗が4月1日にオープン！,この発行者のリリース,2026年03月14日 13:56
247,https://www.atpress.ne.jp/,グルメ,https://www.atpress.ne.jp/news/577686,2026年03月12日 14:00,ブルボン、“羽衣あられ”は今年で発売65周年,～ 国産もち米使用の香り高いおいしさ ～,2026年03月14日 13:56
248,https://www.atpress.ne.jp/,グルメ,https://www.atpress.ne.jp/news/577683,2026年03月12日 13:30,"話題の“アサイー”を使った甘酸っぱいおいしさ　
ブルボン、「フェットチーネグミアサイーボウル味」を
3月17日(火)に新発売！",この発行者のリリース,2026年03月14日 13:56
249,https://www.atpress.ne.jp/,グルメ,https://www.atpress.ne.jp/news/579790,2026年03月12日 13:30,"モンテ物産株式会社 代表取締役社長・森本 明子
「Mimosa Day Award 2026」を受賞",グルメの新着,2026年03月14日 13:56
250,https://www.atpress.ne.jp/,グルメ,https://www.atpress.ne.jp/news/579363,2026年03月12日 13:00,"雑貨・グルメ・ワークショップ 約1,200ブースが札幌に集結
「札幌ハンドメイドマルシェ2026」4/25(土)・4/26(日)開催",ライフスタイルの新着,2026年03月14日 13:56
251,https://www.atpress.ne.jp/,グルメ,https://www.atpress.ne.jp/news/577679,2026年03月12日 13:00,"ブルボン、「アルフォートミニチョコレート濃(こい)チーズ」を
3月17日(火)に新発売！",～ 濃厚なチーズで贅沢なひとくち ～,2026年03月14日 13:56
252,https://www.atpress.ne.jp/,グルメ,https://www.atpress.ne.jp/news/579191,2026年03月12日 13:00,"【ボードステーション導入事例】　
沖縄県名護市「ナゴパイナップルパーク」に
オリジナルグッズが買える自販機を設置",自販機がフォトスポットに！来園した瞬間から“非日常のワクワク感”を演出,2026年03月14日 13:56
253,https://www.atpress.ne.jp/,グルメ,https://www.atpress.ne.jp/news/579403,2026年03月12日 12:00,"西日本最大級のグルメイベント「全肉祭」　
和歌山県和歌山市にて3/20～4/5に第17回開催決定！",全国各地から集まる美食を食べつくそう！,2026年03月14日 13:56
254,https://www.atpress.ne.jp/,グルメ,https://www.atpress.ne.jp/news/7578740,2026年03月12日 10:30,【九州初上陸】コロッケ倶楽部・かんてきやで関東ローカル「名代富士そば」メニューを3月20日から提供開始,～「コロッケそば」「紅生姜天そば」２メニューを期間限定で販売～,2026年03月14日 13:56
255,https://www.atpress.ne.jp/,グルメ,https://www.atpress.ne.jp/news/3678406,2026年03月12日 10:27,日本アスレジャー市場は、 CAGR5.98％で拡大し2035年に120.8億米ドルへ、ウェルネス志向とスポーツ×日常融合が牽引する成長市場 📈,この発行者のリリース,2026年03月14日 13:56
256,https://www.atpress.ne.jp/,グルメ,https://www.atpress.ne.jp/news/576718,2026年03月12日 10:00,"【販路拡大】サプリ「オールスターズシリーズ」
Qoo10・TikTok Shop販売開始！",この発行者のリリース,2026年03月14日 13:56
257,https://www.atpress.ne.jp/,グルメ,https://www.atpress.ne.jp/news/7998588,2026年03月12日 10:00,【三重県鈴鹿市】HYGGELIG（ヒュゲリ）3月22日リニューアル,“発酵×焼きたて”をテーマに、塩麴ランチ＆焼きたてクロワッサンのモーニングを開始,2026年03月14日 13:56
258,https://www.atpress.ne.jp/,グルメ,https://www.atpress.ne.jp/news/579150,2026年03月12日 07:00,"韓国Z世代が、何がバズり、日本で何を選ぶのか
「韓国トレンドセミナー　ビューティー・インナーケア／
食品・菓子」開催決定",～　化粧品・食品メーカー、流通・小売、マーケご担当者様向け～,2026年03月14日 13:56
259,https://www.atpress.ne.jp/,グルメ,https://www.atpress.ne.jp/news/8702280,2026年03月11日 17:30,高齢者向け機能性食品の日本市場（2026年～2034年）、市場規模（強化食品、プロバイオティクスおよびプレバイオティクス食品、高タンパク食品、低糖質および糖尿病患者向け食品、オメガ3および心臓に良い食品）・分析レポートを発表,この発行者のリリース,2026年03月14日 13:56
260,https://www.atpress.ne.jp/,グルメ,https://www.atpress.ne.jp/news/6346086,2026年03月11日 17:30,ケトフレンドリーなスナックの日本市場（2026年～2034年）、市場規模（ナッツ類、低糖質野菜、肉・鶏肉、乳製品、植物性食品）・分析レポートを発表,この発行者のリリース,2026年03月14日 13:56
261,https://www.atpress.ne.jp/,グルメ,https://www.atpress.ne.jp/news/8460487,2026年03月11日 16:00,"「もったいないバナナ」使用
「高地栽培バナナソフト」「ごほうびソフト‐チョコバナナ‐」",３月１３日（金）より順次発売,2026年03月14日 13:56
262,https://www.atpress.ne.jp/,グルメ,https://www.atpress.ne.jp/news/9008721,2026年03月11日 12:44,"日本キシリトール市場、2035年までに2,120万米ドル規模へ拡大予測｜オーラルケア・機能性甘味料需要を背景にCAGR 6.56%で成長",この発行者のリリース,2026年03月14日 13:56
263,https://www.atpress.ne.jp/,グルメ,https://www.atpress.ne.jp/news/5288223,2026年03月11日 11:00,アジアンデザート市場シェアNo.1※1「アジア茶房 濃厚とろける杏仁豆腐 ミニパック」新発売＆「アジア茶房」シリーズ リニューアル,2026年3月より、全国にて発売！,2026年03月14日 13:56
264,https://www.atpress.ne.jp/,グルメ,https://www.atpress.ne.jp/news/6490507,2026年03月11日 10:30,"紀州産南高梅の濃厚なおいしさが一年中楽しめる！
『技のこだ割り 濃厚梅だれ』定番化",■「濃厚梅だれ」が、ご好評につき待望の通年化！,2026年03月14日 13:56
265,https://www.atpress.ne.jp/,グルメ,https://www.atpress.ne.jp/news/1451796,2026年03月11日 10:10,見た目も、焼海苔のアクセントが効いた味も、新感覚のお好み焼「一休焼」,一休焼の特徴,2026年03月14日 13:56
266,https://www.atpress.ne.jp/,グルメ,https://www.atpress.ne.jp/news/8806194,2026年03月11日 10:10,「コジコジ」とモスバーガーが、初のコラボレーション！,メルヘンの国で暮らす仲間たちが描きおろしイラストで登場,2026年03月14日 13:56
267,https://www.atpress.ne.jp/,グルメ,https://www.atpress.ne.jp/news/8735846,2026年03月11日 10:00,おうちで楽々お買い物！3月11日から「板橋富士見町店」でライフネットスーパーを開始,便利な「ライフネットスーパーアプリ！」,2026年03月14日 13:56
268,https://www.atpress.ne.jp/,グルメ,https://www.atpress.ne.jp/news/573169,2026年03月11日 09:30,"【国内400店舗達成】ヨシックスグループ全国拡大を加速
富山県高岡市に「や台ずし高岡駅前町」がオープン！",～地域に根ざした独自の店づくりで、次のステージへ～,2026年03月14日 13:56
269,https://www.atpress.ne.jp/,グルメ,https://www.atpress.ne.jp/news/4318957,2026年03月11日 09:00,新宿【量で驚き、味で納得】牛タン200g丼ブランド「丼マイケルです。失礼します。」がオープン,シェアレストラン新規開業のお知らせ,2026年03月14日 13:56
270,https://www.atpress.ne.jp/,グルメ,https://www.atpress.ne.jp/news/574556,2026年03月11日 09:00,"和スイーツ専門店「日光もなか」3月15日で開店1周年！
ご来店のお客様へ、今だけの1周年記念オリジナル巾着を
数量限定でプレゼント",感謝の気持ちを込めて2026年3月14日(土)より配布開始。,2026年03月14日 13:56
271,https://www.atpress.ne.jp/,グルメ,https://www.atpress.ne.jp/news/7030325,2026年03月11日 08:30,"【新潟県村上市】
荒川ショッピングセンター「アコス」で買取催事を実施！",買取専門店さすがやが、12日間限定で催事査定ブースを開設します。,2026年03月14日 13:56
272,https://www.atpress.ne.jp/,グルメ,https://www.atpress.ne.jp/news/578923,2026年03月10日 18:30,嘉義市の6ブランドが「FOODEX JAPAN 2026」に出展,美食を通じて交流を深め、新たなビジネス機会を創出,2026年03月14日 13:56
273,https://www.atpress.ne.jp/,グルメ,https://www.atpress.ne.jp/news/3058470,2026年03月10日 18:30,健康飲料の日本市場（2026年～2034年）、市場規模（フルーツ・野菜ジュース、スポーツドリンク、エナジードリンク、コンブチャ飲料、機能性強化ボトルドウォーター、乳製品・代替乳飲料、RTD紅茶・コーヒー）・分析レポートを発表,この発行者のリリース,2026年03月14日 13:56
274,https://www.atpress.ne.jp/,グルメ,https://www.atpress.ne.jp/news/1887227,2026年03月10日 18:00,ラオスの農家とつながるダイレクトトレードコーヒーカフェ「LAOSIA COFFEE SENGOKU」クラウドファンディング開始,コーヒーを飲むという選択が未来を明るくする,2026年03月14日 13:56
275,https://www.atpress.ne.jp/,グルメ,https://www.atpress.ne.jp/news/578936,2026年03月10日 15:15,"岩崎本舗の“ご縁をむすぶ”春限定
「えんむすび印角煮まんじゅう」登場",～3月31日まで春のキャンペーン実施中～,2026年03月14日 13:56
276,https://www.atpress.ne.jp/,グルメ,https://www.atpress.ne.jp/news/579034,2026年03月10日 14:30,"表参道の完全個室焼肉「にくといろ」　
“AI×焼肉”の新体験『AI焼肉』を開始",―たった1枚の写真が、十人十色の思い出に変わる―,2026年03月14日 13:56
277,https://www.atpress.ne.jp/,グルメ,https://www.atpress.ne.jp/news/578266,2026年03月10日 13:00,"「wellbeans non butter white」
日本アクセス主催「新商品グランプリ2026春夏」
洋日配部門賞(第1位)を受賞
～受賞を記念し、100名様に当たる
SNSお試しキャンペーンを実施～",この発行者のリリース,2026年03月14日 13:56
278,https://www.atpress.ne.jp/,グルメ,https://www.atpress.ne.jp/news/577704,2026年03月10日 11:00,"ビートレンド、全国に73店舗展開する
『辛麺屋 桝元』の会員証アプリリニューアルを支援",～辛麺屋ならではの“辛さ”会員ランク機能を実装～,2026年03月14日 13:56
279,https://www.atpress.ne.jp/,グルメ,https://www.atpress.ne.jp/news/5386067,2026年03月10日 11:00,"ほっと一息に寄り添う新定番
『亀田のうす焼 梅』新発売
紀州産南高梅の爽やかな酸味が広がる",■紀州産南高梅の爽やかな味わい,2026年03月14日 13:56
280,https://www.atpress.ne.jp/,グルメ,https://www.atpress.ne.jp/news/3979893,2026年03月10日 11:00,【ご自愛温活ステイ】熱海温泉の宿が4大特典付プラン販売開始　季節の変わり目は温泉と生姜湯で“ととのい”を｜～2026年7月17日,熱海風雅,2026年03月14日 13:56
281,https://www.atpress.ne.jp/,グルメ,https://www.atpress.ne.jp/news/577554,2026年03月10日 11:00,"【アトレ上野】動物たちと楽しむお花見
「アトレデハナミジュンビ-ちょっといいハルをテイクアウト-」を
3月19日(木)より開催！
人気イラストレーターとつかみさこ氏によるメインビジュアルも公開",グルメの新着,2026年03月14日 13:56
282,https://www.atpress.ne.jp/,グルメ,https://www.atpress.ne.jp/news/3339174,2026年03月10日 11:00,【宮城・蔵王 ゆと森倶楽部】気鋭のフレンチシェフ・松本圭介氏とのコラボディナーイベントを4月20日（月）に1日限定開催,仙台出身の松本圭介シェフが宮城・蔵王の食材を活かした特別メニューを提供,2026年03月14日 13:56
283,https://prtimes.jp/,グルメ,https://prtimes.jp/main/html/rd/p/000000002.000086778.html,2026年03月14日 15:18,「HARNEY & SONS Tea Salon KITTE大阪店」が「観音山フルーツパーラー」とのコラボパフェを提供開始。,天保時代から続く伝統と、NYの感性が融合。「HARNEY & SONS Tea Salon KITTE大阪店」にて、和歌山で大行列の「観音山フルーツパーラー」とのコラボパフェを提供開始。,2026年03月14日 15:41
284,https://prtimes.jp/,グルメ,https://prtimes.jp/main/html/rd/p/000000002.000152934.html,2026年03月14日 14:30,仕出し文化の日常化を目指すミライトリンクが「健康経営優良法人2026（ブライト500）」に認定,～「仕出し文化を日常に。」従業員の健康と地域社会の持続可能性を両立～,2026年03月14日 15:41
285,https://prtimes.jp/,グルメ,https://prtimes.jp/main/html/rd/p/000000320.000130952.html,2026年03月14日 14:27,【あみやき亭中部】春を彩る新メニュー登場！黒毛和牛×梅の爽やかな味わい。焼肉の合間も〆も楽しめる春限定メニューを販売開始！,株式会社あみやき亭（本社：愛知県春日井市）が運営する国産牛焼肉　あみやき亭は、**2026年3月16日（月）より期間限定の「春を彩る新メニュー」**の販売を開始いたします。,2026年03月14日 15:41
286,https://prtimes.jp/,エンタメ,https://prtimes.jp/main/html/rd/p/000000259.000012425.html,2026年03月13日 16:15,パトレイバーの原点を振り返る「機動警察パトレイバー HEADGEAR＋展」feat.“EZY”の大阪開催が決定！,2026年3月25日（水）～4月5日（日）にてあべのハルカス近鉄本店ウイング館4階第2催会場にて実施,2026年03月14日 15:41
287,https://prtimes.jp/,エンタメ,https://prtimes.jp/main/html/rd/p/000000009.000174527.html,2026年03月13日 18:05,《チャウヌ》のビハインド写真展「Afterimage［残像］」開催決定！​,―チャウヌのフォトブックの世界を直接体験できる、“癒し”と“没入感”を届ける展示が日本上陸―​,2026年03月14日 15:41
288,https://prtimes.jp/,エンタメ,https://prtimes.jp/main/html/rd/p/000000010.000163007.html,2026年03月14日 15:11,春はポカポカ陽気の小豆島　二十四の瞳映画村,菜の花開花近づく! 昭和初期の村は春から黄色い絨毯が一面に!　3月下旬から4月が見頃。,2026年03月14日 15:41
289,https://prtimes.jp/,エンタメ,https://prtimes.jp/main/html/rd/p/000002034.000000084.html,2026年03月14日 17:00,【フジテレビ】FOD×FANFARE 初タッグ！本田響矢主演・生まれ故郷の福井県を舞台にしたFODオリジナルドラマ制作決定！,国内初「ヨコ画面×タテ画面」サービス同時展開！出演者オーディションも開催,2026年03月14日 17:32
290,https://prtimes.jp/,エンタメ,https://prtimes.jp/main/html/rd/p/000000900.000096446.html,2026年03月14日 17:00,世界最大級のアニメイベント「AnimeJapan 2026」 3/28-29、AJステージをニコニコで無料生中継！,～『ONE PIECE』『鬼滅の刃』『葬送のフリーレン』など30プログラムをお届け～,2026年03月14日 17:32
291,https://prtimes.jp/,エンタメ,https://prtimes.jp/main/html/rd/p/000002218.000002734.html,2026年03月14日 16:29,「テレ東 ウェルビーイングってなんだ？パーク」「家、ついて行ってイイですか？」のステージイベントにビビる大木＆矢作兼（おぎやはぎ）が登場！,３月１４日（土）～３月１５日（日）開催テレ東人気番組のブースでウェルビーイングを体感できる「テレ東 ウェルビーイングってなんだ？パーク」,2026年03月14日 17:32
292,https://prtimes.jp/,エンタメ,https://prtimes.jp/main/html/rd/p/000000832.000041063.html,2026年03月14日 16:00,俺たちの旅 スペシャルコンサート　～放送開始51周年！ まだまだ旅はおわらない～　グズ六の妻 紀子さん役、上村香子のゲスト出演が決定！,東京・埼玉・福岡・広島・兵庫　中村雅俊、秋野太作、田中健、岡田奈々の “俺たちの旅”はまだまだ続いていく――,2026年03月14日 17:32
293,https://prtimes.jp/,エンタメ,https://prtimes.jp/main/html/rd/p/000000567.000003633.html,2026年03月14日 16:00,"5月16日（土）アニマックスで最速放送が決定！『天狼群 1st LIVE-フェンリル-』 月額1,242円（税込）で推し、録って何度でも、アニマックスは録画OK！",,2026年03月14日 17:32
294,https://www.atpress.ne.jp/,旅行,https://www.atpress.ne.jp/news/3296120,2026年03月14日 16:30,【楽天トラベル ブロンズアワード受賞】カニと温泉を楽しむ冬旅が、今からでも間に合う！/ 京都府京丹後市夕日ヶ浦温泉「夕日浪漫　一望館」,カニ“食べ納め”は今がチャンス,2026年03月14日 17:32
295,https://prtimes.jp/,エンタメ,https://prtimes.jp/main/html/rd/p/000002670.000031998.html,2026年03月14日 18:00,「ØMI LIVE 2026 ～INFINITY MOON～」ファイナル公演をU-NEXTにて独占ライブ配信決定！過去のライブ映像も独占配信スタート,,2026年03月14日 19:25
296,https://prtimes.jp/,エンタメ,https://prtimes.jp/main/html/rd/p/000000597.000022823.html,2026年03月12日 16:00,累計売上６億円、累計発行部数90万部突破！大人気“溺愛ラブコメディ”『その天才様は偽装彼女に執着する』2026年4月23日（木）より待望の実写ドラマ化決定！,今野大輝（B&ZAI）さん＆加藤史帆さんがW主演に決定、実写化記念イラスト・コメントを公開,2026年03月14日 19:25
297,https://prtimes.jp/,グルメ,https://prtimes.jp/main/html/rd/p/000000534.000028006.html,2026年03月14日 18:32,海鮮居酒屋「鮨のえん屋」春の宴会メニュー 3月16日（月）より開始いたします,～ 旬な味覚をそろえたコース5種類をご用意いたします～,2026年03月14日 21:44
298,https://prtimes.jp/,グルメ,https://prtimes.jp/main/html/rd/p/000000029.000069658.html,2026年03月14日 18:06,"ピスタチオ咲く、クラフトビール。『Yes, PISTACHIO!』新発売","神戸のナッツ専門店 NUTS LAB が、ピスタチオを惜しみなく使用したクラフトビール 『Yes, PISTACHIO!』 を発売します。",2026年03月14日 21:44
299,https://prtimes.jp/,エンタメ,https://prtimes.jp/main/html/rd/p/000000667.000059399.html,2026年03月14日 20:00,STPR新グループ『とぅるりぷ - True＆Lip 』始動！『STPR Family Festival!!2026 in Ｋアリーナ横浜 』でデビュー決定 ！,― ワンマンライブ開催決定＆ファンクラブ発足、メンバーコメントも公開 ―,2026年03月14日 21:44
300,https://prtimes.jp/,エンタメ,https://prtimes.jp/main/html/rd/p/000000252.000070961.html,2026年03月14日 19:00,GAN（岩田剛典）、OWVが出演決定！ 日韓アーティスト集結の音楽フェス「RE:VE FESTIVAL : Global Music Stage」,,2026年03月14日 21:44
301,https://prtimes.jp/,エンタメ,https://prtimes.jp/main/html/rd/p/000003363.000006568.html,2026年03月14日 17:30,伊藤健太郎が4年ぶりとなる写真集を発売！ タイトルに込められた思いは「ここからいい方向に進んでいきたい」,伊藤健太郎写真集「JUNCTION」好評発売中！,2026年03月14日 21:44
302,https://prtimes.jp/,グルメ,https://prtimes.jp/main/html/rd/p/000000014.000120314.html,2026年03月14日 20:29,ピンク色のスパークリング焼酎「NANAIRO Sparkling」を数量限定で販売開始,ロゼワイン酵母 × 紫芋の天然色素で生まれた、乾杯のための新しい一杯,2026年03月14日 23:26
303,https://prtimes.jp/,グルメ,https://prtimes.jp/main/html/rd/p/000000503.000029053.html,2026年03月13日 11:00,"アメリカ生まれのドミノ・ピザから速報！【お持ち帰り限定】アメリカンLサイズ1,000円「アメリカンブレックファースト」　3月15日（日）朝9時～10時、一部店舗で開催　さらに3月15日は全店10時開店",～見逃せない熱い試合は、アツアツピザを食べて応援しよう！～,2026年03月14日 23:26
304,https://prtimes.jp/,エンタメ,https://prtimes.jp/main/html/rd/p/000000912.000060459.html,2026年03月14日 21:00,“最高潮”の5人を詰め込んだ！RAB ESPICE初のデジタル写真集「最高潮デスティニー」発売決定！表紙ビジュアルを解禁！,集英社より3月18日発売 / グラジャパ！版はメイキング＆限定カット収録の特別仕様,2026年03月14日 23:26
305,https://prtimes.jp/,グルメ,https://prtimes.jp/main/html/rd/p/000001096.000033462.html,2026年02月24日 09:00,【🍓各日数量限定🍓至福の国産いちご食べ放題!!】4/8迄！大好評企画が再び登場！『ニラックスブッフェ』にて、時間無制限で「国産いちご」の食べ放題が満喫できる特別コースがスタート！,【実施期間】2026年2月26日（木）～ 2026年4月8日（水）　※各日数量限定,2026年03月15日 03:34
306,https://prtimes.jp/,エンタメ,https://prtimes.jp/main/html/rd/p/000002872.000064643.html,2026年03月14日 23:42,ABEMA『恋髪オーディション』の優勝者が『マイナビ TGC 2026 S/S』のステージで生発表　審査員長・高木琢也「髪型やヘアアレンジひとつで人を幸せにできる、すごく夢のあるオーディション」,FRUITS ZIPPER・櫻井優衣、なえなの、本田紗来らMCが見守る中、chun、きぃぃりぷ、中村里砂が“恋髪”披露～SNS累計再生数9000万回超のオーデイション全貌は「ABEMA」で無料配信中～,2026年03月15日 03:34
